child_lemma	child_pos	child_case	child_number	parent_lemma	parent_pos	parent_case	parent_number	text	sentence	sentence_id	child_lemma_total
võõr_keel	NOUN	Gen	Plur	süva_õpe	NOUN	Com	Sing	võõrkeelte süvaõppega	Teistest populaarsemad on ___võõrkeelte___ ___süvaõppega___ koolid , vene koolinoorte hulgas keelekümbluskoolid .	8	19
haridus_ministeerium	NOUN	Gen	Sing	kogemus	NOUN	Com	Plur	haridusministeeriumi kogemustega	Selle kallal on ___haridusministeeriumi___ ___kogemustega___ inimesed murdnud pead aastaid , et ainete kooskõla ja järjekord oleks kõige optimaalsem .	67	3
loom	NOUN	Gen	Plur	pidamine	NOUN	Com	Sing	loomade pidamisega	Maaelu on Eesti avalikus arvamuses seotud enamasti ränga musta tööga , suure hulga ___loomade___ ___pidamisega___ , see on tulutu tegevus varavalgest hilisõhtuni .	353	190
planeet	NOUN	Gen	Sing	elanik	NOUN	Com	Plur	planeedi elanikega	Tekivad kontaktid teise ___planeedi___ ___elanikega___ .	643	16
allikas	NOUN	Gen	Sing	vesi	NOUN	Com	Sing	allika- veega	Pesti ___allika-___ või urbade ___veega___ .	832	17
kangelane	NOUN	Gen	Sing	muistend	NOUN	Com	Plur	kangelase muistenditega	Vooremaa on rohkem kui ükski teine paik Eestis seotud rahvuseepose ___kangelase___ Kalevipoja ___muistenditega___ .	1496	10
linnus	NOUN	Gen	Sing	valmimine	NOUN	Ter	Sing	linnuse valmimiseni	Põltsamaa kirik ehitati enne linnust ( arvatavasti 1234 ) ja täitis kuni ___linnuse___ ___valmimiseni___ ka kaitseülesandeid .	1517	15
välja_pääs	NOUN	Gen	Sing	leidmine	NOUN	Com	Sing	väljapääsu leidmisega	Kuigi paljudesse kohtadesse ei pääsenud , oli seal lossis nii palju vaadata , et isegi meie giidil tekkis raskusi ___väljapääsu___ ___leidmisega___ .	1675	8
põrgu_ingel	NOUN	Gen	Plur	abi	NOUN	Com	Sing	põrguinglite abiga	Hea näide on Harley Davidson , millest ___põrguinglite___ ___abiga___ on saanud lindpriiuse kultussümbol .	1803	1
kool	NOUN	Gen	Sing	kõht	NOUN	Com	Sing	kooli kõhuga	Päev algab kindlasti hommikusöögiga , sest on tõestatud , et lapsed , kes lähevad ___kooli___ tühja ___kõhuga___ , on raskustes koolitöö alustamisega ja ülesannete lahendamisega .	2148	1013
kooli_töö	NOUN	Gen	Sing	alustamine	NOUN	Com	Sing	koolitöö alustamisega	Päev algab kindlasti hommikusöögiga , sest on tõestatud , et lapsed , kes lähevad kooli tühja kõhuga , on raskustes ___koolitöö___ ___alustamisega___ ja ülesannete lahendamisega .	2148	18
üles_anne	NOUN	Gen	Plur	lahendamine	NOUN	Com	Sing	ülesannete lahendamisega	Päev algab kindlasti hommikusöögiga , sest on tõestatud , et lapsed , kes lähevad kooli tühja kõhuga , on raskustes koolitöö alustamisega ja ___ülesannete___ ___lahendamisega___ .	2148	87
vitamiin	NOUN	Gen	Plur	rasv_hape	NOUN	Com	Plur	vitamiinide rasvhapetega	Selle korvamiseks on soovitatav lisada toorsalatite kastmetele õli või kasutada ___vitamiinide___ ja Omega-3 ___rasvhapetega___ rikastatud võileivamäärdeid .	2154	19
kuld	NOUN	Gen	Sing	väärtus	NOUN	Com	Sing	kulla väärtusega	Tänapäeva kiire elutempo juures on piisav ning rahulik uni ___kulla___ ___väärtusega___ .	2250	15
pikkus	NOUN	Gen	Sing	une_rütm	NOUN	Com	Sing	pikkuse unerütmiga	Sügava ja normaalse ___pikkuse___ ___unerütmiga___ tunned end puhanuna .	2348	23
juhatus	NOUN	Gen	Sing	liige	NOUN	Ess	Sing	juhatuse liikmena	Töö kõrvalt leiab Helle aega tegutsemiseks Hiiumaa nägemispuudega inimeste ühenduse ___juhatuse___ ___liikmena___ .	2546	8
arvuti	NOUN	Gen	Plur	levik	NOUN	Com	Sing	arvutite levikuga	Kuid tõeline muusikarevolutsioon sai alguse ___arvutite___ laialdase ___levikuga___ 1990ndate algul .	2707	200
puute_pulk	NOUN	Gen	Sing	ots	NOUN	Com	Sing	puutepulga otsaga	Selle kasutamine võimaldab teha täpseid puudutusi , tabades ___puutepulga___ peenikese ___otsaga___ just seda kohta ekraanil , mida hetkel vaja .	2777	2
ekraan	NOUN	Gen	Sing	hinge_desüs_teem	NOUN	Com	Sing	ekraani hingedesüsteemiga	Parimaks arvutiks hinnati Delli sülearvuti XPS M1330 , mis jääb silma üliõhukese korpusega , väga kvaliteetsete materjalide ning ___ekraani___ unikaalse ___hingedesüsteemiga___ .	2825	56
üli_õhuke	NOUN	Gen	Sing	korpus	NOUN	Com	Sing	üliõhukese korpusega	Mis teeb haruldaseks ___üliõhukese___ ___korpusega___ sülearvuti ?	2847	1
riik	NOUN	Gen	Sing	sünd	NOUN	Com	Sing	riigi sünniga	Eesti riigi rahaasjade ajamine algas koos ___riigi___ ___sünniga___ .	2924	184
materjal	NOUN	Gen	Sing	kogumine	NOUN	Com	Sing	materjali kogumisega	Kui teema on olemas , tuleb alustada ___materjali___ ___kogumisega___ .	2960	52
keskkond	NOUN	Gen	Sing	välis_tegur	NOUN	Com	Plur	keskkonna välisteguritega	Lisaks isiklikule sissetulekule ja maksevõimekusele peab laenu võtmisel arvestama ka kaudsemate riskide ning ___keskkonna___ ___välisteguritega___ , nagu intressi- ja valuutariskid .	3036	33
valuuta_kurss	NOUN	Gen	Sing	muutmine	NOUN	Com	Sing	valuutakursi muutmisega	Viimane aitaks vähendada ___valuutakursi___ ___muutmisega___ seotud riske , sest nii suurendatakse eurol põhinevate varade suurust ja osatähtsust .	3040	1
nõustaja	NOUN	Gen	Plur	abi	NOUN	Com	Sing	nõustajate abiga	Seega soovitan igal laenutaotlejal alustada laenupoliitika põhiteemade lahtimõtestamisest panga ___nõustajate___ ___abiga___ .	3044	3
eksistents	NOUN	Gen	Sing	lõpp	NOUN	Ter	Sing	eksistentsi lõpuni	Natuke rohkem koostöövõimet ja empaatiat ning metsad püsivad veel väga kaua - ehk isegi inimkonna ___eksistentsi___ ___lõpuni___ .	3236	1
puu	NOUN	Gen	Plur	langetamine	NOUN	Com	Sing	puude langetamisega	Seoses ___puude___ massilise ___langetamisega___ nimetatakse Tihemetsa Hõremetsaks .	3259	106
elu	NOUN	Gen	Sing	lõpp	NOUN	Ter	Sing	elu lõpuni	Esimene armastus on nagu raske kuritegu , mis jääb ___elu___ ___lõpuni___ meelde .	3480	372
korter	NOUN	Gen	Sing	tolmu_imeja	NOUN	Com	Sing	korteri tolmuimejaga	Igal hommikul tõmbab enne tööleminekut kogu ___korteri___ ___tolmuimejaga___ üle .	3578	68
funktsioon	NOUN	Gen	Plur	jaotamine	NOUN	Com	Sing	funktsioonide jaotamisega	Juhi rollil perekonnas pole pistmist ___funktsioonide___ ___jaotamisega___ .	3587	6
kunst_tööstus_kool	NOUN	Gen	Sing	õpilane	NOUN	Ess	Sing	kunsttööstuskooli õpilasena	Hakkasin ___kunsttööstuskooli___ ___õpilasena___ teatris dekoratsioone maalima .	4225	2
sõrm	NOUN	Gen	Sing	lõikamine	NOUN	Com	Sing	sõrme lõikamisega	Negatiivsete mõtete mõtlemine võrdub endale nüri noaga ___sõrme___ ___lõikamisega___ .	4329	22
välis_maa	NOUN	Gen	Sing	noor	NOUN	Com	Plur	välismaa noortega	Kontaktid ___välismaa___ ___noortega___ avardavad silmaringi .	4536	52
vajadus	NOUN	Gen	Plur	rahuldamine	NOUN	Abe	Sing	vajaduste rahuldamiseta	Ilma loomulike ___vajaduste___ ___rahuldamiseta___ ei ole võimalik eksisteerida .	4643	53
kaaslane	NOUN	Gen	Plur	abi	NOUN	Abe	Sing	Kaaslaste abita	___Kaaslaste___ ___abita___ on raske tippu jõuda .	4689	30
struktuuri_ühik	NOUN	Gen	Sing	peal_kiri	NOUN	Com	Sing	struktuuriühiku pealkirjaga	Kui lehekülg algab ___struktuuriühiku___ ( sissejuhatuse , peatüki vms ) ___pealkirjaga___ , siis jäetakse ülaserva 6 cm vaba ruumi .	4871	1
üldistus	NOUN	Gen	Sing	mõtlemine	NOUN	Com	Sing	üldistus- mõtlemisega	On analüütiline , ratsionaalne , teadmishimuline , kriitiline , hea ___üldistus-___ ja kujutlusvõimega , sõltumatu ja originaalse ___mõtlemisega___ .	4919	1
ühiskond	NOUN	Gen	Sing	tava	NOUN	Com	Plur	ühiskonna tavadega	Tema tegevuse eesmärgid ja taotlused on seotud ___ühiskonna___ ___tavadega___ .	4956	35
telefon	NOUN	Gen	Sing	abi	NOUN	Com	Sing	telefoni abiga	Miks oli ___telefoni___ ___abiga___ Miisut halb joonistada ?	6838	174
kool	NOUN	Gen	Sing	jalg_ratas	NOUN	Com	Sing	kooli jalgrattaga	Karl sõidab ___kooli___ ___jalgrattaga___ .	8658	1013
keel	NOUN	Gen	Sing	õpetaja	NOUN	Ess	Sing	keele õpetajana	Peale selle on Leelo Tungal töötanud eesti ___keele___ ___õpetajana___ .	8766	609
telefon	NOUN	Gen	Sing	abi	NOUN	Com	Sing	telefoni abiga	Koolis oleme ___telefoni___ ___abiga___ orienteerumismängu mänginud .	9341	174
kool	NOUN	Gen	Sing	buss	NOUN	Com	Sing	kooli bussiga	Hommikul ma lähen ___kooli___ ___bussiga___ .	10134	1013
kool	NOUN	Gen	Sing	buss	NOUN	Com	Sing	kooli bussiga	Ma lähen ___kooli___ ___bussiga___ ja siis lähen riidehoidu .	10135	1013
tund	NOUN	Gen	Sing	lõpp	NOUN	Ter	Sing	tunni lõpuni	Kui ___tunni___ ___lõpuni___ oli jäänud veel kümme minutit , ütles õpetaja Laur , et ta peab meiega rääkima .	12439	555
tund	NOUN	Gen	Sing	algus	NOUN	Ter	Sing	tunni alguseni	Kui ma kella vaatasin , oli esimese ___tunni___ ___alguseni___ ainult neli minutit aega !	12723	555
kool	NOUN	Gen	Sing	märk	NOUN	Com	Sing	kooli märgiga	Aga enne , kui saame uhkusega selga panna oma ___kooli___ ___märgiga___ rõivad , on vaja veel palju tööd ära teha .	13815	1013
rühma_töö	NOUN	Gen	Sing	mõte	NOUN	Com	Plur	rühmatöö mõtetega	Millise ___rühmatöö___ ___mõtetega___ sa kõige rohkem nõus oled ?	13845	11
kool	NOUN	Gen	Sing	logo	NOUN	Com	Sing	kooli logoga	Soovitus nr 2 : kui võimalik , siis võiks tellida koos koolivormiga ka ___kooli___ ___logoga___ pinali ja päeviku .	13910	1013
õpilas_oma_valitsus	NOUN	Gen	Sing	esindaja	NOUN	Ess	Sing	õpilasomavalitsuse esindajana	Täna räägin ma aga hoopis ___õpilasomavalitsuse___ ___esindajana___ .	14062	8
kaus	NOUN	Gen	Sing	jõulu_pudu	NOUN	Com	Sing	kausi jõulupudruga	Traditsioonide kohaselt jätavad lapsed Tomtele kuuse alla ___kausi___ ___jõulupudruga___ .	15322	3
aasta	NOUN	Gen	Sing	traditsioon	NOUN	Com	Plur	aasta traditsioonidega	Võrdle neid traditsioone enda pere jõulu- või uue ___aasta___ ___traditsioonidega___ !	15365	906
kool	NOUN	Gen	Sing	buss	NOUN	Com	Sing	kooli bussiga	Ma lähen ___kooli___ ___bussiga___ .	15805	1013
kool	NOUN	Gen	Sing	buss	NOUN	Com	Sing	kooli bussiga	Ma tulen ___kooli___ ___bussiga___ .	15812	1013
kool	NOUN	Gen	Sing	kooli_buss	NOUN	Com	Sing	kooli koolibussiga	Kas sa lähed ___kooli___ ___koolibussiga___ ?	15815	1013
tekst	NOUN	Gen	Sing	mõte	NOUN	Com	Sing	teksti mõttega	Kõigepealt loe ___teksti___ ___mõttega___ , proovi süveneda .	17200	155
uudis_raamat	NOUN	Gen	Plur	nime_kiri	NOUN	Com	Sing	uudisraamatute nimekirjaga	Jah , ma käisin eile raamatukogus ja tutvusin ___uudisraamatute___ ___nimekirjaga___ .	17241	1
töö	NOUN	Gen	Sing	kvaliteet	NOUN	Com	Sing	töö kvaliteediga	Sa ise oled oma ___töö___ ___kvaliteediga___ väga rahul .	17801	552
tegelane	NOUN	Gen	Sing	nägu	NOUN	Com	Sing	tegelase näoga	Nende jaoks mõtlesid teadlased välja populaarse multiﬁlmi ___tegelase___ Pikatchu ___näoga___ sammumõõtja .	18057	33
odraiva	NOUN	Gen	Sing	kuld_sõrmus	NOUN	Com	Sing	odraiva kuldsõrmusega	Ta ütles , et tema lapsepõlves ravisid kõik inimesed ___odraiva___ ___kuldsõrmusega___ .	18154	3
õpilane	NOUN	Gen	Plur	soov	NOUN	Com	Plur	õpilaste soovidega	Koolisöökla ei arvesta ___õpilaste___ ___soovidega___ .	18287	429
isa	NOUN	Gen	Sing	auto	NOUN	Com	Sing	isa autoga	Või viib sind ___isa___ ___autoga___ kooli ?	18323	469
rühm_võimle_miskav	NOUN	Gen	Sing	pall	NOUN	Com	Plur	rühmvõimlemiskava pallidega	Me esineme seal , näitame trennikaaslastega ___rühmvõimlemiskava___ ___pallidega___ .	18355	1
veri_vorst	NOUN	Gen	Sing	pohla_moos	NOUN	Com	Sing	verivorsti pohlamoosiga	Kas sa oled söönud ___verivorsti___ ___pohlamoosiga___ ?	19281	9
kama	NOUN	Gen	Sing	keefir	NOUN	Com	Sing	kama keefiriga	Kas sa oled proovinud ___kama___ ___keefiriga___ ?	19283	1
õpetaja	NOUN	Gen	Sing	ette_panek	NOUN	Com	Sing	õpetaja ettepanekuga	Kas lapsed nõustusid ___õpetaja___ ___ettepanekuga___ ?	19523	475
järv	NOUN	Gen	Sing	vesi	NOUN	Com	Sing	järve veega	Vastus peab olema eitav , sest muidu Ülemiste vanake uputab ___järve___ ___veega___ Tallinna ära .	19760	87
tänav	NOUN	Gen	Sing	lõpp	NOUN	Ter	Sing	tänava lõpuni	Mine mööda Raua tänavat ___tänava___ ___lõpuni___ ja sealt otse edasi üle tee .	19837	145
etendus	NOUN	Gen	Sing	algus	NOUN	Ter	Sing	etenduse alguseni	Kõigepealt öeldakse , kui palju aega jääb ___etenduse___ ___alguseni___ .	20387	90
etendus	NOUN	Gen	Sing	algus	NOUN	Ter	Sing	etenduse alguseni	Vabandust , kas Malviina tohiks öelda mikrofoni , et kui palju on ___etenduse___ ___alguseni___ aega ?	20389	90
etendus	NOUN	Gen	Sing	algus	NOUN	Ter	Sing	Etenduse alguseni	___Etenduse___ ___alguseni___ on jäänud kolmteist ja pool minutit .	20402	90
lepp	NOUN	Gen	Sing	ree	NOUN	Com	Sing	lepase reega	Neil läks sõit Tartust Tallinnasse nagu ___lepase___ ___reega___ .	20981	3
martsi_pani	NOUN	Gen	Sing	ravim	NOUN	Ess	Sing	martsipani ravimina	Keskajal müüdi ___martsipani___ ___ravimina___ armuvalu vastu .	21001	4
lamba_liha	NOUN	Gen	Sing	kartul	NOUN	Com	Plur	Lambaliha kartulitega	___Lambaliha___ ___kartulitega___ .	21155	1
õpetaja	NOUN	Gen	Sing	laps	NOUN	Com	Plur	õpetaja lastega	Mis mängu hakkas ___õpetaja___ ___lastega___ mängima ?	21378	475
aasta	NOUN	Gen	Sing	sport_võimlemine	NOUN	Com	Sing	aasta sportvõimlemisega	Algklassides tegelesin mõne ___aasta___ ___sportvõimlemisega___ , aga ega see mind eriti huvitanud .	21636	906
poiss	NOUN	Gen	Plur	kaotus	NOUN	Com	Sing	poiste kaotusega	Kaheksa partiid lõppesid kahjuks meie ___poiste___ ___kaotusega___ , kahes partiis tehti viik .	21686	262
kabe_turniir	NOUN	Gen	Sing	kaotus	NOUN	Com	Sing	kabeturniiri kaotusega	Ta alustas ___kabeturniiri___ ___kaotusega___ .	21857	1
kreemja	NOUN	Gen	Plur	puhatus_vahend	NOUN	Com	Plur	kreemjate puhatusvahenditega	Vanni ja valamuid küürime ___kreemjate___ ___puhatusvahenditega___ , spetsiaalsete pastade ja geelidega .	21939	1
zoo_kauplus	NOUN	Gen	Sing	müüja	NOUN	Com	Sing	zookaupluse müüjaga	Koos ___zookaupluse___ ___müüjaga___ leiate kindlasti õige ravimi .	22005	2
talu	NOUN	Gen	Sing	ostmine	NOUN	Com	Sing	Talu ostmisega	___Talu___ ___ostmisega___ tekkis Jakobsonil võimalus oma ideid ellu rakendada .	22452	37
kool	NOUN	Gen	Sing	auto	NOUN	Com	Sing	kooli autoga	Kas käite koolis jalgsi , jalgrattaga , ühiskondliku transpordiga või toovad vanemad teid ___kooli___ ___autoga___ ?	22651	1013
peatse	NOUN	Gen	Sing	nägemine	NOUN	Ter	Sing	Peatse nägemiseni	___Peatse___ ___nägemiseni___ !	22774	2
peatse	NOUN	Gen	Sing	kohtumine	NOUN	Ter	Sing	Peatse kohtumiseni	___Peatse___ ___kohtumiseni___ !	22775	2
pea_linn	NOUN	Gen	Sing	era_maja	NOUN	Com	Plur	pealinna eramajadega	Merivälja paikneb Tallinna lahe ääres ja on üks ___pealinna___ ilusamaid ___eramajadega___ asustatud linnaosi .	22918	37
linn	NOUN	Gen	Sing	huvi_väärsus	NOUN	Com	Plur	linna huviväärsustega	Oleks kena , kui saaksime ühe nädalavahetuse Tallinnas veeta ja ___linna___ ___huviväärsustega___ tutvuda .	23164	269
moeka	NOUN	Gen	Sing	lõige	NOUN	Com	Sing	Moeka lõikega	___Moeka___ ___lõikega___ ja masinal kootud , kuid Halliste mustreid meeles pidava džempri värvi võib igaüks ise valida - kes soovib , kannab punast ; kellele meeldib sinine , see valib endale sinise kampsuni ; kes armastab kirjusid rõivaid , see tuleb kooli kirjus džempris .	23856	1
haige	NOUN	Gen	Plur	silm	NOUN	Com	Plur	haigete silmadega	Sellelt näeks vanaisa oma ___haigete___ ___silmadega___ õiget aega vaadata .	23869	28
tekst	NOUN	Gen	Sing	autor	NOUN	Com	Sing	Teksti autoriga	___Teksti___ ___autoriga___ juhtus üritusel ebameeldivus .	23994	155
klass	NOUN	Gen	Sing	tüdruk	NOUN	Com	Sing	klassi tüdrukuga	Kooli tõi mind pereema Marjana ja kuna me tulime kooli natuke varem , siis jõudsin tutvuda kahe oma ___klassi___ ___tüdrukuga___ , kes näitasid mulle kooli .	24101	502
vahetus_kool	NOUN	Gen	Sing	õpilane	NOUN	Com	Sing	vahetuskooli õpilasega	Vahetusopilasel on õigus osaleda koolitöös võrdsetel tingimustel iga teise ___vahetuskooli___ ___õpilasega___ .	24189	6
kiir_toit	NOUN	Gen	Sing	söömine	NOUN	Com	Sing	kiirtoidu söömisega	Üks neist oli oma vaimset tervist rikkunud kooliskäimisega , teine ei olnud oma vaimset tervist rikkunud ja kolmas oli tervisele kahju teinud ___kiirtoidu___ ___söömisega___ .	24490	14
gümnaasium	NOUN	Gen	Sing	direktor	NOUN	Com	Sing	gümnaasiumi direktoriga	Johannes räägib Rootsi ___gümnaasiumi___ ___direktoriga___ .	24553	37
sisu	NOUN	Gen	Sing	kirjeldamine	NOUN	Com	Sing	sisu kirjeldamisega	Ära piirdu ainult ___sisu___ ___kirjeldamisega___ .	24773	30
tekst	NOUN	Gen	Sing	stiil	NOUN	Com	Sing	teksti stiiliga	Samas peab nende kasutamisega , eriti võõrkeeles , olema mõnevõrra ettevaatlik ja võimaluse korral kontrollima , kas väljend ikka annab edasi soovitud mõtet ja sobib ___teksti___ ___stiiliga___ .	25262	155
lugeja	NOUN	Gen	Sing	silm	NOUN	Com	Plur	lugeja silmadega	Püüa vaadata teksti võõra ___lugeja___ ___silmadega___ .	25565	35
sõna	NOUN	Gen	Plur	kasutamine	NOUN	Com	Sing	sõnade kasutamisega	Ei tohi unustada , et sõnadel on väga tugev mõju ja seetõttu peab negatiivsete ___sõnade___ ___kasutamisega___ olema eriti ettevaatlik : väga kerge on teisi solvata ja ka endast halba muljet jätta .	25828	244
rühm	NOUN	Gen	Sing	tervik	NOUN	Ess	Sing	rühma tervikuna	Hinnake iga osalist eraldi ja kogu ___rühma___ ___tervikuna___ .	25879	46
esitaja	NOUN	Gen	Sing	nimi	NOUN	Com	Sing	esitaja nimega	Konspekteerige kõik esitatud küsimused koos ___esitaja___ ___nimega___ .	25885	4
hunt	NOUN	Gen	Plur	pildistamine	NOUN	Com	Sing	huntide pildistamisega	Seal korraldatakse hundiretki koos jälgedel matkamise , hundi ulgumise kuulamise ja ___huntide___ ___pildistamisega___ .	26135	44
looma_vaatlus	NOUN	Gen	Plur	korraldamine	NOUN	Com	Sing	loomavaatluste korraldamisega	Fotoonni Virumaa rabas valmistas ette Bert Rähni , kelle seiklus- ja loodusturismiga tegelev osaühing 360 KRAADI alustas ___loomavaatluste___ ___korraldamisega___ möödunud aastal .	26139	1
veebruar	NOUN	Gen	Sing	lõpp	NOUN	Com	Sing	Veebruari lõpuga	___Veebruari___ ___lõpuga___ lõpeb hooaeg ära .	26175	39
lugu	NOUN	Gen	Sing	jutustamine	NOUN	Com	Sing	loo jutustamisega	Alustada tuleks lugema kutsuvalt , näiteks efektse küsimusega , lühikese värvika ___loo___ ___jutustamisega___ või mingi pildi maalimisega lugeja silme ette .	26201	98
saade	NOUN	Gen	Plur	stiil	NOUN	Com	Sing	saate stiiliga	Kanna riideid , milles tunned end hästi ja mis sobivad ___saate___ ___stiiliga___ .	26225	55
suhtlemis_valm	NOUN	Gen	Sing	inimene	NOUN	Ess	Sing	suhtlemisvalmi inimesena	Ära põe , lase ennast paista ___suhtlemisvalmi___ ___inimesena___ .	26400	1
pidu	NOUN	Gen	Plur	ette_valmistamine	NOUN	Com	Sing	Pidude ettevalmistamisega	___Pidude___ ___ettevalmistamisega___ oli seotud kogu kool .	26482	46
üli_kool	NOUN	Gen	Plur	raamatu_kogu	NOUN	Com	Plur	ülikoolide raamatukogudega	Arvutivõrgu kaudu võib austraallane või eestlane vestelda suurte Ameerika ___ülikoolide___ ___raamatukogudega___ ja töötada võib inimene oma kodus , kui vaid tema arvuti on modemi abil ühenduses kesklinnas asuva firma arvutiga .	26680	98
firma	NOUN	Gen	Sing	arvuti	NOUN	Com	Sing	firma arvutiga	Arvutivõrgu kaudu võib austraallane või eestlane vestelda suurte Ameerika ülikoolide raamatukogudega ja töötada võib inimene oma kodus , kui vaid tema arvuti on modemi abil ühenduses kesklinnas asuva ___firma___ ___arvutiga___ .	26680	71
klahv	NOUN	Gen	Plur	vajutamine	NOUN	Com	Sing	klahvide vajutamisega	Ma mängisin Ameerikas kompuutri taga malet , tellisin ___klahvide___ ___vajutamisega___ ekraanile mis tahes mind huvitavat teavet ning mis salata , jäin mõtlikuks meie tehnilisest mahajäämusest just selles vallas - neidsamu individuaalkompuutreid , mida meie aastal 1990 plaanisime valmistada 1,2 miljonit , müüdi USA-s aastail 1982 - 1985 ainuüksi eraisikuile 16 miljonit .	27129	10
maja	NOUN	Gen	Sing	suur_puhastus	NOUN	Com	Sing	maja suurpuhastusega	Jõulude ettevalmistus algas ___maja___ ___suurpuhastusega___ juba nädal või poolteist varem .	27234	197
tõde	NOUN	Gen	Sing	mõiste	NOUN	Com	Sing	tõe mõistega	Minul käib ilu kokku ___tõe___ ___mõistega___ .	27492	8
aeg	NOUN	Gen	Sing	veetmine	NOUN	Com	Sing	aja veetmisega	Olgu selle vaba ___aja___ ___veetmisega___ kuidas on , aga minu meelest võiksid siinsed noored rohkem üksteisel külas käia .	27564	919
linn	NOUN	Gen	Sing	lille_kimp	NOUN	Com	Sing	linna lillekimbuga	Mulle tundub imelik kõndida läbi ___linna___ ___lillekimbuga___ .	27779	269
enese_hävitamine	NOUN	Gen	Sing	võimalus	NOUN	Ter	Sing	enesehävitamise võimaluseni	Mõistuse ühekülgne areng , ebaloomulik , eetikata areng on toonud inimese täieliku ___enesehävitamise___ ___võimaluseni___ , mõttetu katastroofini .	27815	1
kuri_tegevus	NOUN	Gen	Sing	profülaktika	NOUN	Ess	Sing	kuritegevuse profülaktikana	Lapsepõlves kuuldud jutud võivad toimida ___kuritegevuse___ ___profülaktikana___ ( nii imelik , kui see mõte ka ei tundu ) - aitavad need ju maandada sisepingeid lapsele sobivas vormis .	28053	4
aja_lugu	NOUN	Gen	Sing	sündmus	NOUN	Ess	Sing	ajaloo sündmusena	Nende elus kordub silmapilk , mis tundub mulle ___ajaloo___ ühe kõige liigutavama ___sündmusena___ .	28097	46
elu	NOUN	Gen	Sing	lõpp	NOUN	Ter	Sing	elu lõpuni	Kui aga kontakt on saavutatud , siis on nad truud ___elu___ ___lõpuni___ .	28223	372
kesk_kool	NOUN	Gen	Sing	lõpetamine	NOUN	Ter	Sing	keskkooli lõpetamiseni	Et ___keskkooli___ ___lõpetamiseni___ on jäänud nii vähe aega ja läbi on saamas üks olulisemaid etappe minu elus , liiguvad mõtted sageli iseenesest koolile ning seal läbielatule .	28379	24
kooli_uks	NOUN	Gen	Sing	sulgemine	NOUN	Com	Sing	kooliukse sulgemisega	Kui arvad , et me ei tea , et Sinu tööpäev ei lõpe ___kooliukse___ ___sulgemisega___ , siis eksid .	28389	1
üli_kool	NOUN	Gen	Sing	asi	NOUN	Com	Plur	ülikooli asjadega	Rektori ametkonda , mis tegeleb kogu ___ülikooli___ ___asjadega___ , tuntakse rektoraadi nime all .	28591	98
tudengi_seisus	NOUN	Gen	Sing	tunnus	NOUN	Ess	Sing	tudengiseisuse tunnusena	Pooleldi on unarusse vajunud komme märkida ___tudengiseisuse___ ___tunnusena___ oma nime järele noorematel kursustel nii magusalt kõlavad lühendid stud .	28611	1
astuja	NOUN	Gen	Plur	vend	NOUN	Com	Plur	astujate vendadega	Eelkõige tehti seda ülikooli ___astujate___ nooremate ___vendadega___ , eriti kui tuldi kaugemalt .	28671	2
üli_kool	NOUN	Gen	Sing	rektor	NOUN	Ess	Sing	ülikooli rektorina	Kõige kauem on Tartu ___ülikooli___ ___rektorina___ töötanud prof .	28674	98
restoran	NOUN	Gen	Sing	menüü	NOUN	Com	Sing	restorani menüüga	Tutvuge ___restorani___ ___menüüga___ .	28954	27
riik	NOUN	Gen	Sing	tagatis	NOUN	Com	Sing	riigi tagatisega	Kõigist õppimise rahastamise viisidest , mida pangad pakuvad , on ___riigi___ ___tagatisega___ õppelaen soodsaim .	29002	184
maa_ilm	NOUN	Gen	Sing	osa	NOUN	Ess	Sing	maailma osana	Euro kui maailmavaluuta kasutuselevõtmine toetab meie majanduse stabiilsust , lihtsustab kaubandussuhteid paljude riikidega ning teadvustab Eestit ___maailma___ ühe mõjukama majanduspiirkonna ___osana___ .	29074	223
majandus_piirkond	NOUN	Gen	Sing	osa	NOUN	Ess	Sing	majanduspiirkonna osana	Euro kui maailmavaluuta kasutuselevõtmine toetab meie majanduse stabiilsust , lihtsustab kaubandussuhteid paljude riikidega ning teadvustab Eestit maailma ühe mõjukama ___majanduspiirkonna___ ___osana___ .	29074	1
kasutus	NOUN	Gen	Sing	kasv	NOUN	Com	Sing	kasutuse kasvuga	Koos Interneti ___kasutuse___ ___kasvuga___ on aset leidnud väga kiire e-kaubanduse populaarsuse kasv .	29121	16
pood	NOUN	Gen	Sing	klient	NOUN	Ter	Plur	Poe klientideni	___Poe___ ___klientideni___ jõuab kõik , mida Eestimaal mahedalt kasvatatakse .	29138	97
aasta	NOUN	Gen	Sing	kuu	NOUN	Com	Sing	aasta kuuga	Möödunud aastal tabas politsei 11 753 joobes juhti , 2006. ___aasta___ nelja ___kuuga___ juba 3675 roolijoodikut .	29213	906
tuli	NOUN	Gen	Plur	põle_mapanemine	NOUN	Com	Sing	tulede põlemapanemisega	Süsteem suudab ___tulede___ ___põlemapanemisega___ imiteerida teie kohalolekut , mis aitab vargaid eemal hoida .	29254	36
Heli	NOUN	Gen	Sing	saamine	NOUN	Ter	Sing	Heli saamiseni	Kuni ___Heli___ aastaseks ___saamiseni___ olime palju õues .	29605	5
klassi_juhataja	NOUN	Gen	Sing	soov	NOUN	Com	Sing	klassijuhataja sooviga	Helistas poja ___klassijuhataja___ ___sooviga___ kohtuda .	29728	23
reguleerimine	NOUN	Gen	Sing	vahend	NOUN	Ess	Sing	reguleerimise vahendina	Missugune meetod võiks olla tõhus sündimuse ___reguleerimise___ ___vahendina___ ?	29844	1
liige	NOUN	Gen	Plur	ootus	NOUN	Com	Plur	liikmete ootustega	Igal pereliikmel on oma roll , mis on seotud teiste ___liikmete___ teatud ___ootustega___ .	29866	49
laps	NOUN	Gen	Sing	isa	NOUN	Com	Sing	lapse isaga	Ma pole oma ___lapse___ ___isaga___ koos elanudki .	29886	810
isa	NOUN	Gen	Sing	lemmik_muusika	NOUN	Com	Sing	isa lemmikmuusikaga	Väärt kink on ka soojad toasussid või sall läheneva talve puhul , plaat ___isa___ ___lemmikmuusikaga___ pimedate ja pikkade õhtute eel .	29979	469
organisatsioon	NOUN	Gen	Plur	stipendi_aat	NOUN	Ess	Sing	organisatsioonide stipendiaadina	Seda saab teha rahvusvaheliste ___organisatsioonide___ , programmide , valitsuste , fondide ja ülikoolide ___stipendiaadina___ ; üliõpilasvahetuse korras ülikoolide- ja riikidevaheliste lepingute alusel või isiklikul algatusel .	30105	12
partner_üli_kool	NOUN	Gen	Sing	vastu_võtu_tingimus	NOUN	Com	Plur	partnerülikooli vastuvõtutingimustega	Enne välismaale õppima asumist tuleb viia ennast kurssi ___partnerülikooli___ ___vastuvõtutingimustega___ .	30110	3
rektor	NOUN	Gen	Sing	käsk_kiri	NOUN	Com	Sing	rektori käskkirjaga	Seda tehakse ___rektori___ ___käskkirjaga___ pärast lepingu sõlmimist ja õppemaksu tasumist enne õppetöö algust .	30169	3
naaber	NOUN	Gen	Sing	harjumus	NOUN	Com	Plur	naabri harjumustega	Võrrelge enda harjumusi ___naabri___ ___harjumustega___ .	30220	35
õpilane	NOUN	Gen	Plur	üle_koormus	NOUN	Com	Sing	õpilaste ülekoormusega	Kas koolis on tegemist ___õpilaste___ ___ülekoormusega___ ja milles see väljendub ?	30240	429
kool	NOUN	Gen	Sing	direktor	NOUN	Com	Sing	kooli direktoriga	Jutuajamine ___kooli___ ___direktoriga___ .	30274	1013
silma_ring	NOUN	Gen	Sing	laiendamine	NOUN	Com	Sing	silmaringi laiendamisega	Teil on suurepärased võimalused ühendada ranna- ja kultuurielamused ___silmaringi___ ___laiendamisega___ .	30388	9
tehnoloogia	NOUN	Gen	Sing	areng	NOUN	Com	Sing	tehnoloogia arenguga	Ühes ___tehnoloogia___ kiire ___arenguga___ muutub ka töö iseloom .	30655	26
laps	NOUN	Gen	Plur	kooli_minek	NOUN	Ter	Sing	laste kooliminekuni	Kuni ___laste___ ___kooliminekuni___ peaks naine olema kodune .	30813	810
kaup	NOUN	Gen	Sing	komplekteeri=ja	NOUN	Ess	Sing	kauba komplekteerijana	Varem töötas ta laos ___kauba___ ___komplekteerijana___ , kuid nüüd soovib minna tööle politseisse .	30887	37
võrk	NOUN	Gen	Sing	käigus_hoidmine	NOUN	Com	Sing	võrgu käigushoidmisega	Vabatahtlike ühendus IETF ( Internet Engineering Task Force ) arutab tehnilisi probleeme ja ___võrgu___ ___käigushoidmisega___ seotud küsimusi .	31089	14
üli_kool	NOUN	Gen	Sing	tudeng	NOUN	Ess	Sing	ülikooli tudengina	Kui Torvalds 1991. aastal Helsingi ___ülikooli___ ___tudengina___ endale uue arvuti ostis ja hakkas sellele operatsioonisüsteemi tegema , sest turul olevad olid kas kallid või halvad , siis ei võinud keegi veel teada , mis juhtuma hakkab .	31099	98
inimene	NOUN	Gen	Sing	kokku_varisemine	NOUN	Ter	Sing	inimese kokkuvarisemiseni	Ülipikad tööpäevad viivad ___inimese___ ___kokkuvarisemiseni___ .	31171	1323
inim_tegevus	NOUN	Gen	Sing	tulemus	NOUN	Ess	Sing	inimtegevuse tulemusena	Kui ___inimtegevuse___ ___tulemusena___ tõuseb kasvuhoonegaaside hulk kahekordseks , siis toimuvad atmosfääris tõsised muutused ja maapinna temperatuur 5 kraadi võrra .	31381	6
kliima	NOUN	Gen	Sing	soojenemine	NOUN	Com	Sing	kliima soojenemisega	Missugused muudatused leiavad planeedil aset seoses ___kliima___ ___soojenemisega___ ?	31397	28
maastiku_kaitse_ala	NOUN	Gen	Sing	eri_tüüp	NOUN	Ess	Plur	Maastikukaitseala eritüüpidena	___Maastikukaitseala___ ___eritüüpidena___ käsitletakse ka kaitse alla võetud parke ja botaanikaaedu .	31405	6
mets	NOUN	Gen	Plur	majandamine	NOUN	Com	Sing	metsade majandamisega	Liikide kadumist seostatakse mitmesuguse ___metsade___ ___majandamisega___ seotud tegevuse , veekogude muutmise ja põllumajandusliku tegevusega , samuti kliimamuutustega .	31420	201
loodus	NOUN	Gen	Sing	kaitsmine	NOUN	Com	Sing	looduse kaitsmisega	Kas ___looduse___ ___kaitsmisega___ tegeldakse Eestis teie arvates piisavalt ?	31424	153
ilmastik	NOUN	Gen	Sing	muutumine	NOUN	Com	Sing	ilmastiku muutumisega	Milline on teie prognoos seoses ___ilmastiku___ ___muutumisega___ ?	31438	3
osooni_kiht	NOUN	Gen	Sing	hõrenemine	NOUN	Com	Sing	osoonikihi hõrenemisega	Kas on võimalik võidelda ___osoonikihi___ ___hõrenemisega___ ?	31445	4
kliima	NOUN	Gen	Sing	muutumine	NOUN	Com	Sing	kliima muutumisega	Ka sagenenud tugevaid torme ning mitmete piirkondade suurt sademetehulka koos üleujutustega seostatakse ___kliima___ ___muutumisega___ .	31475	28
energeetika	NOUN	Gen	Sing	areng	NOUN	Com	Sing	energeetika arenguga	Seoses kütmisega ja ___energeetika___ ___arenguga___ on meil kõrge vääveldioksiidisaaste .	31482	2
vesi	NOUN	Gen	Sing	tarbija	NOUN	Ter	Sing	vee tarbijani	Olmevett jätkub , sest üleujutused toovad ___vee___ ___tarbijani___ .	31545	131
auto	NOUN	Gen	Plur	heitgaas	NOUN	Com	Plur	autode heitgaasidega	Linnas on õhk saastunud ettevõtete õhku paisatava suitsu ja ___autode___ ___heitgaasidega___ .	31616	196
ennetamine	NOUN	Gen	Sing	kontroll	NOUN	Com	Sing	ennetamise kontrolliga	Terviseasutused tegelevad ka haiguste ___ennetamise___ ja elukeskkonna ___kontrolliga___ .	31629	4
keha_kaal	NOUN	Gen	Sing	muutus	NOUN	Com	Sing	kehakaalu muutusega	Kui on tegemist äkilise ___kehakaalu___ ___muutusega___ , siis see võib olla tingitud ka hormonaalsetest häiretest .	31710	12
sõltuvus	NOUN	Gen	Sing	tekkimine	NOUN	Ter	Sing	sõltuvuse tekkimiseni	Moonivedeliku süstimine viib kiiresti raske ___sõltuvuse___ ___tekkimiseni___ .	31797	11
narko_maania	NOUN	Gen	Sing	levik	NOUN	Com	Sing	narkomaania levikuga	Seoses ___narkomaania___ laialdase ___levikuga___ intervjueeriti narkomaane .	31800	2
mee	NOUN	Gen	Sing	jõhvi_kakis_sell	NOUN	Com	Sing	meega jõhvikakisselliga	Magustoiduks võiksid olla pannkoogid ___meega___ või kohupiimakreem ___jõhvikakisselliga___ .	31891	2
tervise_sport	NOUN	Gen	Sing	ala	NOUN	Com	Plur	tervisespordi aladega	Missuguste ___tervisespordi___ ___aladega___ võiks iga inimene tegeleda ?	31920	7
president	NOUN	Gen	Sing	au_märk	NOUN	Com	Sing	presidendi aumärgiga	Kaheksat doonorit , kes on verd loovutanud üle 100 korra , tunnustati vabariigi ___presidendi___ ___aumärgiga___ .	32022	48
lääs	NOUN	Gen	Sing	kesk_klass	NOUN	Com	Sing	lääne keskklassiga	Eesti kõrgkihti ei saa veel materiaalse poole pealt võrrelda ___lääne___ ___keskklassiga___ , kuna see eeldaks , et peale oma maja peaks näiteks kolmeliikmelise pere sissetulek olema kuus vähemalt 50 000 krooni .	32095	10
politsei	NOUN	Gen	Sing	saabumine	NOUN	Ter	Sing	politsei saabumiseni	Püüdke säilitada sündmuskoht ___politsei___ ___saabumiseni___ võimalikult puutumatuna .	32321	18
reisi_kogemus	NOUN	Gen	Plur	lisandumine	NOUN	Com	Sing	reisikogemuste lisandumisega	Inimeste haridustaseme kasvu ja ___reisikogemuste___ ___lisandumisega___ kaasnevad uued ootused .	32431	1
viie_tärnis	NOUN	Gen	Plur	luksus_hotell	NOUN	Ter	Plur	viietärniste luksushotellideni	Valida on võimalik alates üliodavatest kuni ___viietärniste___ ___luksushotellideni___ .	32473	1
tärn	NOUN	Gen	Plur	arv	NOUN	Com	Sing	tärnide arvuga	Valida võib erineva ___tärnide___ ___arvuga___ hotellide vahel .	32488	3
tärn	NOUN	Gen	Plur	arv	NOUN	Com	Sing	tärnide arvuga	Valida võib erineva ___tärnide___ ___arvuga___ hotellide vahel .	32490	3
elanik	NOUN	Gen	Plur	elu	NOUN	Com	Sing	elanike eluga	Maaturism on väikesemahuline turism maakeskkonnas , millele on iseloomulik väikeettevõtlus , looduskeskkond ja seos kohalike ___elanike___ igapäevase ___eluga___ , kokkupuude rahvapärimusega .	32514	33
maa_ilm	NOUN	Gen	Sing	paik	NOUN	Com	Plur	maailma paikadega	Kas te kasutaksite ___maailma___ eri ___paikadega___ tutvumiseks võimalust töötada vabatahtlikuna ?	32575	223
maa_ilm	NOUN	Gen	Sing	silm	NOUN	Com	Plur	maailma silmadega	Vaadata ___maailma___ teistsuguste ___silmadega___ , pääseda teistesse olenditesse , püüda maailmast aru saada teiste seisukohast , tung põgeneda oma piiratusest , tekitada kujutlusi , avardada oma piire .	32834	223
näitleja	NOUN	Gen	Sing	sõna	NOUN	Com	Sing	näitleja sõnaga	Teatrietendus avaldab mõju mitte üksnes ___näitleja___ ___sõnaga___ , vaid ka muusika , liikumise , valgustuse , lavakujunduse , kostüümide kaudu .	32839	80
teatri_maja	NOUN	Gen	Sing	taas_avamine	NOUN	Ter	Sing	teatrimaja taasavamiseni	Kuni ___teatrimaja___ ___taasavamiseni___ 1947. aastal mängiti edasi kinos Gloria Palace ( praegune Tallinna Vene Draamateater ) .	32881	6
kirjanik	NOUN	Gen	Sing	fantaasia	NOUN	Com	Sing	kirjaniku fantaasiaga	Võrumaalt kuuldud ja kogutud tõestisündinud lood põimuvad selles näidendis ___kirjaniku___ ___fantaasiaga___ .	32962	41
kool	NOUN	Gen	Sing	buss	NOUN	Com	Sing	kooli bussiga	Tema sõidab ___kooli___ ___bussiga___ .	33497	1013
kool	NOUN	Gen	Sing	jalg_ratas	NOUN	Com	Sing	kooli jalgrattaga	Ta sõidab ___kooli___ ___jalgrattaga___ .	33499	1013
kooli_maja	NOUN	Gen	Sing	ehitamine	NOUN	Com	Sing	koolimaja ehitamisega	Minu koolis pole koolivormi , kuid seoses uue ___koolimaja___ ___ehitamisega___ paluti õpilastel sellel teemal mõelda .	34342	36
tuule_pea	NOUN	Gen	Sing	inimene	NOUN	Com	Sing	tuulepea inimesega	Kui aga kellelgi on palju sõpru , siis on tegemist ___tuulepea___ ja kergemeelse ___inimesega___ .	34456	2
lamba_koer	NOUN	Gen	Sing	välimus	NOUN	Com	Sing	lambakoera välimusega	Siis sai ta oma esimese koera , saksa ___lambakoera___ ___välimusega___ Roksi .	34550	4
inimene	NOUN	Gen	Plur	abi	NOUN	Com	Sing	inimeste abiga	Nii elavad linnud ja loomad raske talve ___inimeste___ ___abiga___ üle .	34651	1323
kool	NOUN	Gen	Sing	jalg_ratas	NOUN	Com	Sing	kooli jalgrattaga	Sõidan ___kooli___ ___jalgrattaga___ .	35211	1013
hülge_poeg	NOUN	Gen	Sing	kuju	NOUN	Com	Sing	Hülgepoja kujuga	___Hülgepoja___ ___kujuga___ robot Paro ülesandeks on haigete inimeste lõbustamine .	35388	1
̈	NOUN	Gen	Sing	kra	NOUN	Com	Sing	̈ kradega	Nad palkasid oma lastele erao ̃ petaja ja hiljem lo ̃ id koos siilide ja ma ___̈___ ___kradega___ erakooli .	36194	1
sõprus_kool	NOUN	Gen	Sing	õpilane	NOUN	Com	Plur	sõpruskooli õpilastega	Mulle meeldis meie viimane klassiõhtu , mis toimus koos ___sõpruskooli___ ___õpilastega___ Riiast .	36378	1
käsi_kell	NOUN	Gen	Plur	ansambli_mäng	NOUN	Com	Sing	käsikellade ansamblimänguga	Kati on üks neist vähestest inimestest Eestis , kes tegeleb ___käsikellade___ ___ansamblimänguga___ .	36506	2
kool	NOUN	Gen	Sing	majandus_programm	NOUN	Com	Sing	kooli majandusprogrammiga	Tähtis on su enda tahtmine ning see , kas sul on mõttekaaslasi ja kas sinu idee sobib ___kooli___ ___majandusprogrammiga___ .	36522	1013
mahla_pakk	NOUN	Gen	Plur	saamine	NOUN	Com	Sing	mahlapakkide saamisega	Algul oli meil raskusi ___mahlapakkide___ ___saamisega___ .	36535	4
täht	NOUN	Gen	Plur	number	NOUN	Com	Plur	tähtede numbritega	Aadress kirjutatakse ladina ___tähtede___ ja araabia ___numbritega___ .	37883	40
värv	NOUN	Gen	Sing	tiib	NOUN	Com	Plur	värvi tiibadega	Mis ___värvi___ ___tiibadega___ putukat sa kõige enne kevadel näed , selline tuleb sinu suvi .	38625	96
mai_kuu	NOUN	Gen	Sing	kesk_paik	NOUN	Ter	Sing	maikuu keskpaigani	Heakorrakuu kestab ___maikuu___ ___keskpaigani___ .	39063	8
esma_mulje	NOUN	Gen	Sing	loomine	NOUN	Com	Sing	esmamulje loomisega	Kui sisened ruumi , kus toimub sulle oluline kohtumine , mõtle kindlasti asjadele , mis kaasnevad positiivse ___esmamulje___ ___loomisega___ , kuid eelnevad esitlemisele .	39254	4
mootor	NOUN	Gen	Sing	abi	NOUN	Abe	Sing	mootori abita	Ei ole olemas teist niisugust spordiala , kus saab teha sama kõrgeid hüppeid ilma ___mootori___ ___abita___ .	39440	7
saar	NOUN	Gen	Sing	põli_sasukas	NOUN	Com	Plur	saare põlisasukatega	Siin võib tutvuda ___saare___ ___põlisasukatega___ , saarel on ka turismitalusid , postkontor , sadamas kalatehas ja saare keskel kauplus .	39615	73
juuni	NOUN	Gen	Sing	algus	NOUN	Ter	Sing	juuni alguseni	Soomes võib näiteks päris põhjas kuni ___juuni___ ___alguseni___ sõita .	39988	22
aasta	NOUN	Gen	Plur	lõpp	NOUN	Com	Sing	aastate lõpuga	Kaheksakümnendate ___aastate___ ___lõpuga___ ja Eesti esimese breigilainega võrreldes hindab treener praegust seisu üsna heaks .	40736	906
hobi	NOUN	Gen	Sing	ratsutamine	NOUN	Com	Sing	hobi ratsutamisega	Karim kavandab juba poegi ja planeerib neid Koraani järgi kasvatada , aga neiu on oma tuleviku sidunud ammuse ___hobi___ ___ratsutamisega___ .	40888	31
abi_kaasa	NOUN	Gen	Sing	vanem	NOUN	Com	Plur	abikaasa vanematega	Elatakse koos ühe ___abikaasa___ ___vanematega___ .	40914	33
UFO	NOUN	Gen	Plur	uurimine	NOUN	Ter	Sing	UFOde uurimiseni	Täitsin erisuguseid ülesandeid , ilmavaatlustest kuni ___UFOde___ ___uurimiseni___ .	41028	1
saadik	NOUN	Gen	Sing	valija	NOUN	Com	Plur	saadik valijatega	Kõigepealt räägib Riigikogu ___saadik___ ___valijatega___ .	41164	8
kuninga_paar	NOUN	Gen	Sing	elu_lugu	NOUN	Com	Sing	kuningapaari elulooga	Nii on nad põhjalikult tutvunud Rootsi ___kuningapaari___ ja biitlite ___elulooga___ , uurinud Bill Clintoni ja Marlene Dietrichi tegemisi .	41319	2
kere	NOUN	Gen	Sing	vatiin	NOUN	Com	Sing	kere vatiiniga	Seejärel kinnitatakse külge puidust käedetailid ja kaetakse ___kere___ ___vatiiniga___ .	41337	6
president	NOUN	Gen	Sing	pilt	NOUN	Com	Sing	presidendi pildiga	Meil on siin ___presidendi___ ___pildiga___ või loomade pildiga .	41800	48
loom	NOUN	Gen	Plur	pilt	NOUN	Com	Sing	loomade pildiga	Meil on siin presidendi pildiga või ___loomade___ ___pildiga___ .	41800	190
president	NOUN	Gen	Sing	pilt	NOUN	Com	Sing	Presidendi pildiga	___Presidendi___ ___pildiga___ ikka jah .	41801	48
bänd	NOUN	Gen	Sing	liige	NOUN	Com	Sing	bändi liikmega	Raske oli leida neiut , kes poleks soovinud abielluda mõne selle ___bändi___ ___liikmega___ .	42244	30
