verb	total
minema	1778
õppima	647
jätkama	19
otsustama	116
valima	215
nimetama	129
leiduma	29
soovima	280
astuma	68
olema	629
laienema	5
asuta=tud	5
kandma	180
meeldima	733
tundma	361
huvituma	8
õpetama	91
meelde_jääma	2
käima	1110
ise_loomustama	30
erinema	40
vahetama	52
kolima	24
harjuma	43
suhtuma	74
leidma	320
elama	528
rääkima	749
julgema	26
küsima	193
püüdma	158
alustama	118
selguma	24
tulema	1446
mängima	486
lootma	79
jagama	80
seisma	109
sattuma	67
suhtlema	94
võtma	619
panema	595
arvestama	52
kohanema	9
osuma	1
juhtuma	184
saama	1369
kritiseerima	6
maksma	169
tegema	2064
tunduma	79
nautima	38
jätma	152
teadma	724
vahelduma	9
lükkama	25
puhkama	96
muutuma	118
lugema	397
kirjutama	513
arenema	23
süvenema	14
tekkima	131
puuduma	48
sobima	199
rakendama	19
arvama	684
murdma	26
kaal	2
soovitama	100
avanema	14
hoidma	143
tutvuma	65
kartma	125
hakkama	663
osutuma	7
paranema	7
jääma	397
oskama	368
nägema	571
pöörama	53
muutma	118
kantma	1
torkama	7
märkama	57
kasutama	377
üllatama	15
ehmatama	13
ümbritsema	12
ütlema	550
pääsema	50
meikima	5
tooma	205
viibima	26
imestama	18
kestma	60
suurenema	21
vähenema	16
lahkuma	27
tahtma	877
saatma	87
osalema	87
hilinema	30
lisama	39
võrdlema	52
ununema	6
helisema	27
jää	8
töötama	211
spikerdama	3
kehtima	17
toimuma	285
sooritama	8
tohtima	16
valitsema	14
sööma	487
veetma	71
istuma	226
magama	177
ujuma	79
puutuma	27
mainima	24
nuuskama	6
luristama	1
vaatama	651
tõmbama	37
riietuma	14
hoolima	13
suitsetama	14
müüma	57
ulatama	9
puudutama	17
tantsi=v	7
laskma	129
korraldama	116
meenuma	10
jätkuma	37
tiirlema	3
kukkuma	63
avama	72
katkestama	4
tekitama	55
vaidlema	25
aitama	286
talitama	2
pidama	309
külastama	57
looma	109
kõnetama	1
lisanduma	11
jälgima	62
tegelema	209
ootama	256
unistama	86
kujutama	70
võimaldama	59
hindama	75
pakkuma	125
saavutama	43
armastama	154
huvitama	94
reisima	57
siduma	73
vähendama	36
teenima	46
andma	465
määrama	19
sõitma	449
mõtlema	352
mäletama	59
õnnestuma	26
meenutama	29
armuma	14
lõpetama	81
suutma	129
orienteerima	2
viima	168
soosima	1
kogema	12
tähendama	117
segama	54
järgnema	20
kuuluma	85
tasuma	52
jõudma	320
sündima	96
punnitama	1
näitama	143
kippuma	27
rõhutama	12
uskuma	138
laabuma	4
pingutama	8
säilitama	20
edasi_jõudma	1
lööma	51
teadvustama	4
tegutsema	47
eristama	8
teatav	1
kalduma	2
usaldama	22
korrigeerima	1
proovima	100
täitma	57
otsima	155
nõudma	71
päri=tud	1
mõjutama	75
kopeerima	1
kiitma	26
muretsema	65
laulma	130
istutama	10
ostma	312
käituma	41
pildistama	9
kaotama	48
austama	15
põletama	12
pärima	3
arendama	38
lahendama	45
leppima	30
põdema	14
jultuma	1
põhinema	6
lobisema	18
meeldiv	90
tungima	7
kasvama	109
surfama	9
asendama	15
riputama	10
paluma	443
ühendama	28
edastama	17
liituma	7
lõikama	43
meilima	1
sisestama	7
adresseerima	1
vajutama	17
vastama	121
installeerima	1
juhtima	29
eksisteerima	8
kuulma	194
kannema	1
projitseerima	1
arvutama	11
joonistama	91
töötlema	4
täiustama	2
tarvitsema	1
kujundama	25
teavitama	3
rahuldama	8
liitma	11
koostama	44
katsetama	10
tõusma	75
registreerima	13
paigaldama	8
lubama	122
küpsetama	31
asuma	201
järgima	17
liikuma	79
orienteeruma	6
tõttama	2
väsima	70
ehitama	105
tõstma	63
sõltuma	64
lühene=nud	1
tähistama	58
paigutama	17
mahtuma	20
väitma	11
unustama	76
nentima	4
esitama	132
algama	205
koguma	43
liigitama	1
valdama	14
hankima	11
tagastama	3
surema	27
kuluma	61
neelama	4
valmistama	71
leiutama	34
vallutama	3
transleerima	1
aimama	2
lendama	46
mahutama	3
väljuma	40
rikkuma	38
tüütama	9
peitma	14
eelistama	78
võitma	76
kehastama	5
võistlema	27
puhastama	28
vormima	5
uinuma	8
kinnitama	34
laadima	3
maandama	6
naasma	3
murduma	1
viilima	1
lebama	3
langema	25
treenima	18
kahetsema	11
planeerima	12
ärkama	64
venitama	2
lülitama	26
väärima	6
kutsuma	142
täituma	10
ilmuma	40
kuulutama	18
keema	3
keetma	20
ennustama	6
asetama	2
värvima	31
omistama	2
kraabima	1
veeretama	17
veerema	4
kiikuma	14
vilistama	7
hüüdma	12
kinkima	60
väljendama	34
pesema	93
katma	39
hõikama	1
meelitama	13
koristama	75
tabama	15
pühitsema	4
jooksma	141
tantsima	74
pistma	9
lähtuma	14
ilmnema	9
pruukima	8
pöörduma	36
reetma	6
pärinema	13
kostitama	1
kohtuma	50
tellima	35
teatama	39
söötma	17
valmima	9
helistama	218
reserveerima	2
sisenema	8
kulutama	63
ignoreerima	2
ajama	73
reageerima	18
mõjuma	35
vajama	71
paistma	50
sekkuma	3
lämmatama	1
tõmbuma	4
torisema	7
katsuma	19
lõppema	73
jutustama	42
tunnistama	18
hoiatama	8
ihaldama	4
uurima	53
selgitama	15
mõistma	59
nõustuma	9
ennetama	5
jahmatama	1
pahandama	12
kallistama	6
kordama	34
parandama	76
tüdinema	4
solvuma	10
avaldama	31
petma	5
kohtama	33
pahvima	1
teesklema	5
jooma	95
lahkuv	6
valama	11
sisaldama	35
lõpetamata	1
viisistama	1
kõrvaldama	6
pajatama	1
kuhjama	2
sõtkuma	2
pälvima	6
lehitsema	1
kaaluma	24
leppitama	1
tõlkima	18
asenduma	3
ratsutama	12
instrueerima	2
kuulama	192
pugema	8
voolama	18
tõestama	14
tarnima	2
läbima	16
rippuma	11
eeldama	9
koosnema	28
põhjendama	40
hoolitsema	50
matkama	34
jalutama	107
vabanema	9
suusatama	25
sadama	47
korjama	42
seisnema	8
kajastama	5
päästma	20
algatama	4
hävima	10
kaduma	60
ladestuma	2
ringeldema	1
taastama	6
koos_kõlastama	2
tagama	16
talvituma	8
vahetuma	1
suunduma	3
avastama	36
hävitama	16
kuumutama	1
eraldama	5
patendima	1
seadma	18
imetlema	15
kannatama	25
rahmeldama	1
paotama	1
lahvatama	1
põlema	34
jumaldama	4
sulgema	15
varjama	8
sulguma	2
hääletama	12
köitma	8
ööbima	28
tutvustama	34
omandama	27
paiknema	13
purustama	3
broneerima	10
rentima	3
mööduma	40
moodustama	55
eksponeerima	4
tallima	1
maitsma	17
koolitama	4
eksima	26
veenduma	11
märgista=tud	1
laenutama	4
kahtlema	16
säilima	14
külva=tud	2
ulatuma	10
pügama	1
kujunema	31
kogunema	17
ahmima	3
ihkama	5
särama	2
sumisema	1
eemalduma	7
loobuma	24
ette_juhtuma	1
korduma	5
viitsima	19
pühendama	8
esinema	95
tibutama	1
virvendama	2
esitlema	8
esindama	15
illustreerima	4
manipuleerima	2
ahistama	2
argumenteerima	1
reklaamima	10
kirjeldama	40
piisama	26
domineerima	8
kõlama	13
taks	1
asutama	12
vigastama	6
häirima	17
vestlema	16
osutama	1
tippima	2
rahasta=tud	1
vormistama	8
tapma	9
seletama	22
vaevama	4
valutama	81
toimima	13
transportima	1
saabuma	34
õitsema	15
vedama	38
likvideerima	5
karistama	16
urgitsema	2
valmistuma	24
lõõgastuma	10
kõndima	42
takistama	9
eba_õnnestuma	5
tarbima	14
piirama	18
pidurdama	7
sundima	29
nälgima	2
innustama	6
langetama	10
kustutama	16
rajama	13
haarama	8
talletama	1
varustama	5
kontrollima	43
vahtima	3
vajuma	10
vaikima	4
seedima	2
sisalduma	1
tulenema	3
oksendama	3
haigestuma	8
lühenema	2
halvenema	7
koormama	2
tajuma	9
sagenema	2
vastsündima	1
kahanema	2
püsima	11
rändama	15
täideminema	1
hoiduma	6
kiirendama	3
kurnama	2
põhjustama	17
kaasnema	9
hulkuma	5
marssima	3
naerma	49
ärritama	5
nagerema	1
naersima	1
kõverama	1
tugevnema	2
võrdlev	1
suurendama	28
hingama	16
puhastuma	1
võitlema	14
vallanduma	2
kaitsma	27
ära	1
abi_elluma	20
muikama	1
vabisema	1
vilksatama	1
kulgema	5
igatsema	7
hakkima	4
nürima	1
ravima	19
riiv	2
kaasa_sündinud	2
naljatama	1
sarnanema	7
juurutama	1
väärtustama	6
sunnitama	1
harjutama	33
hooldama	2
õigustama	2
heitma	24
mingema	1
tunnetama	5
läkkima	2
kükitama	3
kahvatu	1
süütma	4
soetama	3
investeerima	4
küündima	2
peegelduma	2
koondama	3
mõõtma	18
alahindama	1
kaasama	2
ala_hindama	1
korrastama	6
nurisema	1
rahustama	8
üllama	4
näppima	2
kandideerima	7
keerama	27
kavatsema	48
spekuleerima	2
lagema	1
vahendama	5
vahatama	1
kiirustama	14
rõõmustama	22
ületama	11
remontima	9
kihutama	11
kohustama	5
üllatuma	8
salvestama	11
levitama	4
omama	7
anduma	1
uuenda=nud	1
paiskama	3
võltsima	1
keelduma	8
kubisema	1
konstrueerima	2
määrdunud	1
kruvima	1
järelduma	2
suunama	16
pakutav	1
matma	6
tõstatama	1
kuvama	1
timmima	1
kohtlema	7
näima	8
jaksama	7
vastutama	14
reguleerima	4
toimuv	3
peatama	4
toetama	23
haldama	2
jaotama	13
kindlustama	9
koordineerima	2
kehtestama	8
koosta=tud	2
tuginema	3
kahjustama	15
üldistama	1
viitama	9
kajastuma	2
refereerima	2
tsiteerima	2
nummerdama	2
toituma	18
kütma	10
finantseerima	1
eelnev	2
riisuma	2
vältima	44
fikseerima	3
arvustama	1
juurdlema	2
järeldama	2
jaotuma	1
teostama	3
täiendama	12
koonduma	5
juhatama	18
jagunema	6
spetsialiseeruma	1
jõustuma	1
märkima	18
loetlema	1
tupma	1
süüdistama	6
viskama	67
eirama	2
püüdlema	4
raiuma	7
eritama	2
summutama	1
üritama	21
ääristama	1
rikastama	1
tootma	14
lõhkuma	21
möllama	1
kaunistama	16
sirguma	1
peituma	7
ammutama	1
oletama	6
raatsima	1
pooldama	1
hukkuma	9
ehtima	13
levima	23
sõnastama	5
säästma	20
üle_jäänud	1
tingima	9
nappima	5
pehmendama	3
keelama	26
hõlmama	6
pesitsema	2
käsitlema	7
toetuma	5
reastama	1
organiseerima	4
olenema	21
arm	1
lennutama	8
soodustama	10
röövima	5
piiluma	5
vaatlema	8
sammuma	2
rebima	5
kiruma	1
tormama	3
ronima	32
pooma	1
kõnelema	13
taipama	10
hõigama	1
võima	6
uppuma	5
kajama	2
õnnistama	1
lahutama	10
lausuma	2
laskuma	5
ristima	3
täpsustama	3
hõivama	4
jaguma	4
hõivatuma	1
limiteerima	1
meelestama	2
pabistama	7
soojendama	12
kaebama	11
nutma	24
tdeaalema	1
avalduma	3
mahkuma	1
abielluma	1
risti=tud	1
kujutlema	3
lõbutsema	6
kaasa_kiskuma	1
vihkama	7
käiksima	4
lavastama	10
etendama	4
paeluma	7
ühti	1
täheldama	1
keskenduma	18
motiveerima	4
päevituma	1
sünnitama	3
pettuma	7
peegeldama	2
seonduma	1
samastama	1
korvama	3
välistama	5
tõdema	2
ehmatav	1
kasvatama	37
lõõgama	4
passima	1
maalima	14
musitseerima	3
stažeerima	1
tõrjuma	5
rügama	1
rallima	1
kiskuma	2
harrastama	23
niitama	1
liialdama	4
arutama	28
tilkuma	3
vt	2
õhkuma	1
nuputama	3
rahulduma	2
peatuma	23
portreteerima	1
sümboliseerima	4
riskeerima	1
kiirenema	1
nikerdama	1
vabastama	7
põgenema	17
siirduma	1
võrduma	1
palvetama	1
pihtima	1
laulatama	1
kummardama	1
vanduma	2
valetama	22
tänama	16
põlgama	3
varastama	8
peksma	10
juhinduma	2
aktseptima	1
kiusama	18
häbenema	7
täienema	1
hukka_mõistma	1
hukutama	1
huvitav	14
avardama	3
ebasobima	1
vihjama	1
sorima	1
tõlgendama	3
kontsentreeruma	2
otsitama	1
tarvitama	13
maitsema	67
aeglustama	2
raiskama	10
järjestama	2
kommenteerima	14
analüüs	1
ohverdama	2
andestama	7
poolitama	1
lihtsustama	3
veenma	7
käivitama	3
katsutama	1
lähenema	9
komplitseeritud	1
julgustama	6
talu	6
ilmutama	3
seosma	2
seostama	3
hind	2
trükkima	10
jalgtama	6
joonnima	4
õpima	7
lolema	3
laudlama	4
kIngima	8
kingima	6
suöma	6
kutma	3
manama	3
oltma	3
pedema	1
suguma	7
käivama	6
sõiduma	13
oltama	4
jaGama	2
süadma	1
lähema	23
sulama	8
hupama	1
puhkuma	4
ridutama	1
kupsetama	3
tõama	8
vaatlama	2
maugima	3
lähkema	3
viskima	7
VII	1
ärkuma	4
saanuma	1
olguma	3
annama	2
nutama	1
läkkuma	1
hüppama	40
laudama	1
iStuma	1
lähme	10
vaadma	1
käiguma	3
kaRdama	1
nädema	1
käisima	1
vaatAma	1
kelgutama	16
uinutama	3
kelgitama	1
päevitama	13
suusma	1
tugetama	2
sõidma	1
keedama	1
õpivama	1
õlklema	1
vaatma	1
printima	6
ostuma	5
kuuma	2
väsivama	1
kohuma	2
nÄgema	4
loema	10
ronidama	1
maitse	17
värv	2
puhuma	29
pühkima	18
sosistama	8
liigutama	17
meisterdama	20
uisutama	13
joo	1
kooma	1
kuduma	7
komistama	5
lohutama	15
puistama	4
musitama	1
tükeldama	2
kammima	4
plaksutama	3
kink	1
meistera	2
pulkama	1
rulluisutama	6
veejetama	1
vabandama	42
kostma	5
pikutama	2
kuivatama	9
lobima	4
laenama	13
vannitama	1
tuletama	13
kaklema	3
silitama	6
voltima	12
hauguma	3
voldima	5
imestunud	3
sirutama	6
raputama	4
liiklema	5
noogutama	4
lehvitama	6
turdma	1
ohkama	1
kaama	5
jätama	1
tõudma	1
kuivama	10
õpi	1
pedkema	1
avaldatud	1
äratama	21
lõhnama	4
turnima	1
telkima	8
norskama	2
naeratama	14
liimima	1
nimi	2
liiguma	6
tolkima	1
kõdistama	2
trügima	10
pritsima	3
korrutama	8
köhima	2
köhkima	6
hiline	1
Anti	7
tahama	6
saadma	1
programmeerima	4
kleebima	4
käskima	5
pakkima	9
tülitsema	9
teisi_päevima	1
püksata	1
analüüsima	10
õpitama	3
kurvastama	8
tuiskama	4
naerama	3
proov	8
rahunema	11
torkima	3
sagima	1
torma	2
ründama	7
hammustama	8
kriimustama	3
väänama	3
pakk	5
värisema	10
järelema	3
venima	4
filmima	7
väsitama	7
tundu=nud	3
tunneksima	1
näudma	3
sikutama	2
liputama	1
naeratav	1
haukuma	2
sügama	1
triikima	12
kastma	13
toimetama	12
urisema	1
kaevama	5
hiilima	6
rohima	4
sõidutama	1
aevastama	1
õmblema	6
praksuma	1
valvama	7
vihisema	1
talv	1
kisama	2
kallutama	4
seiklema	4
pühenduma	4
räppima	1
plaanima	5
haigutama	2
loosima	3
disa_inima	3
tänan	20
tikkima	2
kand	4
võpatama	2
kiljatama	1
sahisema	1
köhatama	1
oodatud	3
pigistama	4
käsima	4
õnnitlema	23
nõrgenema	1
lakkama	1
vaibuma	1
määrima	5
kurtma	3
laiendama	5
liudlema	1
kinnituma	1
rääksma	1
kirjuta+ge+-kirjutam	1
kipitama	4
toppima	3
tee	1
punktima	1
külmuma	4
jutuvama	3
riieldama	1
vinnama	1
peesitama	1
sööt	4
ahjuma	1
maitsestama	1
takerduma	1
vantsima	1
lamama	6
veedma	2
tiivutama	1
süttima	3
grillima	7
suusama	1
klõpsama	1
laadma	1
valideerima	5
väli	2
tulgema	1
tegenima	1
lähtkima	3
A. ootama	1
loeksima	2
käiksma	3
uisuma	1
köhtima	1
kraadma	3
toitma	4
puurima	5
poleerima	1
koksima	4
imema	5
liidlema	1
hädaldama	1
närima	9
tlmima	1
tuupima	1
kergendama	5
vahet_pidamata	1
jahtuma	5
abistama	12
tuubma	1
kriipsutma	2
minkima	3
korrama	2
võimlema	5
muigama	4
hiilgama	2
sätendama	1
vuhisema	1
vilkuma	1
dikteerima	5
evakueeruma	1
huilgama	1
ehmuma	3
karjuma	14
ruttama	3
kohkuma	3
sõudma	1
tülitama	8
laetud	1
riskima	4
sõnama	2
purskama	1
kohisema	1
ujutama	3
pursama	1
vihtlema	4
eksitama	1
kõdunema	1
näksima	1
kadunu	1
süütama	9
uuristama	1
hirmutatud	1
hirmutama	3
maskeerima	2
hääldama	3
toksima	3
teritama	2
koputama	2
taguma	1
annetama	6
elutsema	2
oskuma	1
vedelema	8
pilkama	3
sorteerima	9
koorima	3
laisklema	2
sobiv	2
tapeetima	2
kombineerima	2
kloppima	3
lesima	5
siblima	1
viis	1
kraamima	3
sulatama	6
valgendama	1
lõbustama	2
jooksutama	1
higistama	4
mossitama	2
virisema	3
uuendama	4
vihastama	3
norkima	2
kõlbama	9
hõõruma	6
mädanema	2
kissitama	2
narrima	14
narritama	1
taluma	8
kompvekkima	1
kookima	1
tüüdma	2
serveerima	3
näljutama	3
ohustama	2
nohkuma	1
tervitama	37
värgima	1
lõhnastama	2
pinema	2
hüvitama	2
tlma	1
lühendama	3
lihvima	2
külvama	4
sülitama	3
kägardama	1
näpistama	1
loopima	8
riidlema	2
solvama	7
keksima	1
paisuma	1
viipama	1
aerutama	1
unuma	1
õmmeldama	10
diskuteerima	2
ühinema	6
krooksuma	1
kõrvetama	3
startima	5
pagema	1
konutama	1
šokeerima	2
suplema	6
limpsima	3
higima	1
haritud	4
suruma	9
õõtsutama	1
turgatama	3
tüürima	2
reisma	3
sulistama	1
müristama	2
telgima	2
soojenema	3
telgitama	1
tassima	2
uputama	3
testima	3
lubatama	3
krabistama	3
tervita=v	4
pööreldama	1
viissa-adama	1
harjuta=nud	3
müts	1
pütt	1
praktiseerima	7
registreeruma	3
pandma	1
pikenema	1
libisema	3
kottuma	1
puhatama	1
lastma	1
lennatama	1
küsitama	1
maadlema	2
intervjueerima	4
au_tasustama	2
kustuma	2
fantaseerima	3
luisma	3
püstitama	9
karastama	2
autasustama	2
maadel=nud	1
kleepima	3
voolima	4
küürima	2
jonn	1
einestama	1
röstma	1
peenestama	1
riivima	1
viilutama	2
vahustama	4
püreestama	1
hautama	1
korisema	1
söestu=nud	1
praema	1
purema	1
lonkama	2
tuulutama	1
lüpsma	2
lakkima	1
kamandama	2
tüdenema	1
kiitlema	3
konkureerima	1
palkama	3
kündma	1
sööde=tud	1
niitma	4
luiskama	1
rohkima	4
keevitama	1
pumpama	1
harima	2
näkkama	1
nõelama	2
keede=tud	1
peletama	1
sirgu=nud	1
ilmatema	1
realiseerima	3
ehmunud	1
väntama	1
tervima	1
suubuma	1
kaevandama	1
elustama	3
agiteerima	1
saastama	6
saagima	2
vestma	2
askeldama	1
kadestama	5
katkema	2
lehktsema	1
värskendama	2
võõrustama	2
kosuma	1
mõistatama	3
pöörlema	2
purjetama	4
laduma	3
sobitama	1
kargama	2
moonduma	1
kõrbema	3
külmunud	1
lehvima	2
maiustama	2
putkama	1
ripputama	3
matsutama	4
heegeldama	2
õmmel=dud	3
ehmu	1
jälitama	1
haihtuma	1
tutema	4
majutama	2
taotlema	12
kompenseerima	6
panustama	2
valguma	2
filosofeerima	1
mintuma	1
nooguma	1
logima	1
elavnema	1
küsitlema	3
sallima	3
pidema	1
tüütma	2
piirduma	2
lisa	3
demonstreerima	3
veerima	1
sulanduma	1
põlduma	1
näpppma	1
stressima	1
mõrbama	1
suitsema	1
tossama	1
koukima	1
plahvatama	2
pilgutama	2
üle_kantuma	1
kerima	1
näha-kuuldama	1
küsitletud	1
antama	1
varuma	1
teietama	3
sinatama	1
lindistama	5
punastama	1
kortsutama	1
loetma	1
seotma	1
süstima	1
konsulteerima	1
arutlema	6
rühmitama	1
kombineeruma	1
käänama	2
tsenseerima	2
laps	4
vangutama	1
informeerima	1
postitama	1
väitlema	4
kohandama	3
puhasta=tud	2
mängi=tud	3
keskema	1
rahastama	3
konspekteerima	1
vättima	1
tasa_kaalusta=tud	1
tulistama	1
haavama	1
piinlema	1
edenema	3
pikendama	1
suudlema	4
küttima	1
jahtima	1
moonutama	1
sisendama	1
pretendeerima	1
nihkuma	2
vastas	1
kujutletama	1
streikima	1
ilmne	1
pürgima	1
nakatama	3
tarduma	1
süvendama	3
rõkkama	1
teretama	4
klõbistama	1
surfima	2
hõlbustama	1
kohendama	1
pelgama	2
arvutiseerima	1
veengima	1
edvistama	1
seostuma	2
lugu	1
vaimustama	3
salgama	1
selts	1
laotama	1
ehima	1
kerjama	2
tunnustama	5
laitma	1
norima	1
aktiviseerima	2
alandama	4
sirutuma	1
lõdvestuma	3
pikkuma	1
lõdvestama	1
aeglustuma	2
vähkrema	2
eralduma	2
võluma	1
jäljendama	1
erutama	2
murema	2
deformeerima	1
inimlikustama	1
lõkerdama	1
sättima	1
lutsima	1
riibama	1
toonitama	2
jäädvustama	1
keerlema	2
vallatlema	1
võrsuma	1
risustama	1
tuhlima	1
väljenduma	10
hellitama	5
hoi=tud	1
togima	1
tõukama	2
jälgi=tud	1
käivituma	1
kahtlev	1
rajanema	1
paljastama	1
märgistama	1
lävima	1
näägutama	1
tõrelema	1
kisendama	3
tõotama	1
ähvardama	2
põlvitama	2
looksima	1
mõnitama	4
pingesta=tud	1
aretama	2
vaimustuma	1
kiinduma	1
süstematiseerima	3
hajuma	2
asetuma	1
kukutama	1
suund	1
liidlama	1
märgatama	1
kiskuma9	1
fakultama	1
maxema	1
studeerima	1
kanduma	2
einetama	1
eelnema	3
viljelema	1
toniseerima	1
lõõgastama	1
saadetama	1
väljastama	2
inspireeritud	1
loovutama	2
arveldama	2
edestama	2
kavandama	5
omastama	1
taganema	2
teavita=tud	1
liisima	1
purjus	1
projekteerima	1
laotima	1
lammutama	2
renoveerima	5
automatiseerima	1
imiteerima	1
looksma	2
broneeri=tud	1
väisama	1
restaureeri=tud	1
sisustama	5
üürima	5
sportima	8
toidma	1
paaritama	1
sõlmima	4
vaktsineerima	1
steriliseerima	1
sööbima	1
tugevdama	3
nõrgestama	2
avarduma	3
juhendama	5
alluma	2
purunema	2
pomisema	1
möirgama	1
ärrituma	3
kõhklema	1
julgetama	1
respekteerima	1
võlgnema	1
viin	1
kõnnitama	1
sillutama	1
silmima	2
kriipsutama	1
kibestuma	1
huvi_pakkuv	1
täisnema	1
raskendama	1
garanteerima	4
seostuv	1
leevendama	1
kergitama	1
manduma	1
rabama	1
labama	1
vallandama	1
leinama	1
luhtuma	1
libistama	3
skannima	1
tarmama	1
propageerima	1
apelleerima	1
lülima	1
reprodutseerima	1
realiseeruma	1
kulla=tud	1
reostama	6
taas_kasutama	1
vananema	1
helvestama	1
hoogustuma	1
kahe_kordistuma	1
ohusta=tud	2
kerkima	2
saastuma	3
mürkima	1
hõrenema	1
uhtuma	1
kõrbestuma	1
roostetama	1
funktsioneerima	1
närveerima	1
mobiliseerima	1
alanema	1
tursu=nud	1
kestendama	1
loendama	3
kahtlustama	1
eitama	2
rusuma	1
ahenema	1
legaliseerima	1
eemaldama	3
paastuma	2
tasustama	2
loovuta=nud	1
stimuleerima	1
rikastuma	1
kauplema	2
taanduma	1
lähendama	1
sõbrunema	2
avameelitsema	1
lukustama	2
laikma	1
asetsema	3
hoogustama	1
lagistama	1
kalastama	2
paisu=nud	1
pidutsema	1
niisutama	1
põimima	3
soonima	1
märjema	2
soojustama	1
tuhmuma	1
majandama	2
õmmeldima	1
puhkema	2
vahistama	2
jahutama	2
dresseerima	1
põimuma	2
hargnema	1
olenTima	1
oletima	1
oleTaavima	1
kaRinima	1
mikuma	1
elabTama	1
ela_beartuma	1
ela_bTurbama	1
mahuma	1
koon	1
koodma	1
saavama	1
võtama	5
lauduma	1
pikene=nud	1
hulguma	1
läkitama	1
nakatuma	1
noorima	1
kaifima	1
tukkuma	1
kihistama	1
riima	1
eba_meeldima	1
koerandusingima	1
diagnoosima	1
mattuma	1
põlama	1
harjama	1
ruigama	1
jahmunud	1
põrnitsema	1
hukkama	1
heisma	2
salguma	1
läikima	2
loputama	1
tühjendama	2
kogu	2
keebima	1
sodima	3
sodi	1
leiutatu	1
prognoosima	1
taastuma	1
maanduma	2
tõlk	1
tankima	1
vilgutama	1
piiksuma	1
siirdama	1
kohus	1
luikema	1
jalgrattama	2
rabelema	1
ujulestama	1
mõnulema	1
luuletama	1
mürama	1
ampsama	1
krõpsuma	1
jootma	3
rokkima	1
mitme_kordistuma	1
erinev	1
elektrifitseerima	1
tätoveerima	2
loksuma	1
kraadima	1
tilgutama	1
rösti=tud	1
jahvata=tud	1
kallama	1
inspireerima	1
sõimama	3
kullama	3
põhjenda=tud	1
üld_tuntud	1
kuumenema	1
võrdsustuma	1
lõhkema	1
käivima	1
tuhnima	1
nuuskima	1
röökima	1
röhkima	1
munema	1
talvima	1
loksutama	1
sajuma	2
kõrguma	1
leotama	2
hiilistama	1
müürima	2
riietatud	1
tul=dud	1
sufima	1
pärgma	1
reosma	1
õppitama	1
mahavisama	1
linastuma	3
häälitsema	2
kätlema	3
asfalteerima	1
parkima	1
kuurima	1
tooksma	1
monteerima	2
improviseerima	1
lahenema	4
kiljuma	1
masseerima	1
ramp_väsinud	1
sõprama	4
klatšima	1
komposteerima	1
kohkunud	1
?!	1
žestikuleerima	2
embama	1
põrutama	1
rüüstama	1
hulpima	1
sädistama	1
kolama	2
kõhlma	1
aima	1
jootama	1
näksama	2
nuusutama	1
sisesta=tud	1
sirvima	1
tadama	1
pobisema	1
breikima	1
trumbama	1
kakklema	1
vigastatud	1
lagunema	2
maatlema	2
jäätuma	1
külmetama	1
varjuma	1
põtma	1
ketsima	1
heiskama	1
laislama	1
lärmama	2
laiutama	1
taas_ise_seisvu=nud	1
modelleerima	1
hangima	2
kitkuma	1
pildma	1
nuidma	1
kätte_jõud=nud	1
jaa	1
käsema	1
kõrvalestama	1
aurama	1
iiveldama	1
loojuma	1
nõu=tud	1
sihuma	1
nuhtima	1
ülbitsema	1
matkima	1
sukelduma	1
