verb	compound	total
õtlema		81
rääkima	ära	40
vaatama		2028
erinema		199
õppima		4668
kaebama	ära	38
tahtma		12002
lugema	kokku	12
õpetama		320
olema		4250
kaebama	välja	1
rääkima		3180
tegema		7784
saama		6893
teadma		4020
karjuma		83
laamentama		8
tulema	ette	19
hoidma		282
andma		1512
tapma		50
ütlema		3780
erenema		2
peksma		8
kittuma		3
lugema		809
kisama		2
käituma		184
kituma	ära	20
rääkima	välja	14
meeldima		8221
mürama		5
arvama		4928
kituma		38
kaktlema		19
kaebama		72
valetama		57
ropendama		5
lõhkuma		15
laamendama		33
ütlema	ära	56
imetlema		30
istma		1
mäletama		262
läikima		1
lõhuma		4
lõugama		3
nuusutama		2
kaima		71
tegema	ära	112
lõuama		1
kummitama		7
ütalema		1
soovima		1479
õpppima		7
kittuma	ara	1
puhkama		391
nägema		1203
kittuma	ära	3
kaklema		15
lõukama		2
kutsuma		1729
lõhkutama		1
oskama		1264
armastama		602
kituma	ara	2
tundma		985
arvutama		15
tekkima		1028
võtma		2447
lüüema	vastu	1
minema		4611
käima		3146
meeltima		2
lööma		39
neidi_metl		1
tegelema		1107
saabö_eld		1
tahtima		2
lubama		181
ütelema		59
lugema	ära	4
katlema		3
ö/õelma		1
kaevama		8
erinev		2
kumitama		1
pidama		391
utlema	ära	1
kakelema		1
hindama		121
lugema	üle	6
jooksma		465
lukema		1
huvitama		572
kaepama		1
tähendama		409
keelama		57
tohtima		14
tulema		3728
kaebabama		1
otsima		543
kargama		10
lõhutama		4
lõuatama		3
leidma		1352
lõhuma	kallale	1
lähdma		1
kakeltama		2
kartma		307
teatma		19
kiusama		12
kasima		1
võtma	vastu	35
kaevama	ära	2
kaebama	peale	1
lärmama		9
reetama		2
kekuvaatama		1
jutustama		797
vaadama		6
mõtlema		2464
laamendam		1
teretama		1
löödma		1
kutsima		6
tigetsema		3
maadlema		2
vataama		2
algama		1830
märatsema		1
müratama		1
muratama		1
lõhkuma	ära	1
müratsema		1
lõbutsema		25
kurjustama		1
lärmatama		1
norima		3
kiitma		33
pahandama		7
hirmutama		4
harima		22
õpet		1
ulema		2
narrima		4
vaadata.		1
kaepama	ära	1
togtima		1
toimuma		5945
tervitama		701
räkkima	välja	1
vadama		9
urima		5
vaatama	maha	1
tahdma		1
kõhtuma		1
kiuskama		7
ullu		1
tea		1
minema	tülli	8
hakkama		2118
halb	ära	1
ütluma		1
tgema		3
ütlema	välja	17
õpitama		15
kiskama		1
kaelagargama		1
üllema		1
võima		40
räkima		57
lõppema		830
sööma		1307
jooma		580
helistama		559
kirjutama		3618
ootama		2982
korraldama		559
hüppama		337
mängima		3396
teme		4
lõppuma		24
kutsutama		29
hüpama		21
lõpetama		1153
kodus,mängima		1
olema	vaja	2994
jalutama		948
plaanima		39
suplema		33
ujuma		225
sõõma		4
hupama		1
mängima,mängima		1
mahla.uma		1
võtma	kaasa	760
ostma		445
paluma		879
batuudil,mängima		2
vatama		50
hellistama		2
torti,mangida,räkima		1
kudsuma		2
batuutis,jooksta,mängima		1
lootma		979
mängema		6
küpsema		2
otama		34
hüppa_me,joom		1
tantsime,mängima		3
jööma		10
tervistama		2
ilustama		1
kestma		731
kutse		19
tantsima		221
vestlema		130
laulama		47
tantma		86
joonistama		327
saama	kokku	92
löppema		7
ronima		30
juhtuma		587
in		1
küpsetama		15
naeratama		28
Anna		14
panema		1101
vötma		5
sõitma		1577
kino		2
käima	edasi	8
tullma		4
asuma		450
tooma		513
alustama		441
lootama		2
tantsime,mängime,laulma		1
kuulama		1608
köögima		4
jääma		1340
lõbustama		10
küsima		808
kustsuma		2
mängida,rattama		1
jalgpalli,jalutama		1
tantsime.ootama		1
hüüpama		12
kohtuma		551
frii		1
laulma		448
sõõtma		1
uskuma		275
toumuma		1
lõbema		6
pakkuma		1404
teatama		108
lõbutsema,mängima		1
jook_seme,hüpa=me		1
.võtma		2
helista		2
mulle.ootama		1
.ootama		4
planeerima		208
kartiga,sööma		1
suhtlema		1269
peal,_mäng		1
kalima		9
.algama		2
mangima		105
26.märtis,toimuma		1
äitäh		26
laud		2
sõber,kutsuma		1
!algama		1
!võtma	kaasa	3
jooksime,mängi_me,süüam		1
kprraldama		1
läahme_mängima		1
lõptma		1
nägima		19
laserrelvadega.ootama		1
liikuma		95
kingima		9
aega,ootama		1
hüpdma		12
uisuda.ootama		1
toimuma	kohal	1
tulema	sisse	6
panema	kinni	27
saama	välja	11
põgenema	ära	1
süjama		1
mine		1
tuul		1
sööama		1
joome_,sööm		1
hüpa_me,jook		2
kutsus		1
valmistama		226
vastama		416
jääma	rahul	52
viima		170
soööma		1
võistlema		30
tooma	kaasa	176
helistama	vaja	2
kutuma		2
thama		2
äitah		7
!ootama		5
mängime,hüpama		1
juures,sööme,ostama		1
mängime,jalutama		3
melähe		2
mänge.ootama		1
proovima		836
disco.ootama		1
tahsma		2
jubama		1
puhastama		18
söma		1
kingitusi.kinkima		1
sööme,naerame,jalutama		1
leppema		1
naerama		13
jõudma		624
riietuma		31
võtma	kaasa, kaasa	1
nalja,ronima		1
broneerima		9
allistama		1
mängime_,tantsime,sööm		1
uurima		137
vastutama		146
päevitama		30
tulla,helistama		2
mände		1
tanma		12
,ootama		1
mändima		5
küpsem		1
kostma		8
vaaama		1
pidutsema		9
kutsuda.ta		1
sööme,mängima		2
.võtma	kaasa	6
teegema		5
veetma		635
tule,_siis		1
lõppetama		68
sulle,kutsuma		1
joo		1
kavatsema		164
Otan		4
mahla.tulema		1
mängime,ujume,teedma		1
unustama		369
elama		3585
hakama		45
süüja,tantsima		1
laskma	alla	1
kuivatama		2
hekistama		1
kutsama		2
pildistama		140
kinkima		45
peo		2
loppema		2
kuulatama		4
mängime,jalutame,tantma		1
lõbutsema,sööma		1
uisutama		21
uisuplatsil,mängima		1
võtma	vaja, kaasa	2
peol,ma		1
,vaatama		3
süüma		8
alguma		3
paluma	kaasa	2
räägima		152
vottama	kaasa	2
kogunema		29
tulema	kohale	18
häpdma		1
süüdma		7
tantsid_a,kuula		1
,hüppama		4
helestama		5
tantsi_me,laulame		1
tuli		17
sööma	täis	3
näitama		561
,paluma		1
aldama		1
hüppame,mängima		1
juua.paluma		1
ei.ema		1
pana		2
ottama		2
lahm	tagasi	1
kutsustama		3
olema	nõus	1289
kordama		42
mängida,tantsida,,lemmikmuusikat,kuulama		1
.lootma		1
võttama		83
tantsime.paluma		1
mängida,joonistama		1
kutsema		7
robi_n,tahan		1
koostama		81
tantsime,jalutame,laulame,võtama		1
mängime,joonistama		1
andma	nõuse	1
jooksuma		2
sööma,mängima_,jalutam		1
vasta		3
mängi_me,tantsime		1
boulingis,sööme,laulama		1
suheldama		20
albama		1
mõtlema	välja	97
,mänis		1
tutvustama		468
kahetsema		22
ratsutama		9
jääma	kokku	1
vaafama		1
kusuma		1
maitsma		29
kinos,jalutama		1
mängima,tantsida,jalutama		1
sõidama		12
muusika,tantsima		1
teama		163
kursuma		1
juttustama		21
mänge.kuulama		1
lõbetama		1
kooksima		1
vaatema		4
ööbima		303
lõppima		3
,sööma		1
fanta		1
torti,vaatama		1
lsõitma		1
sööme,tantsime,mängima		1
viinerima		1
mängdama		1
,tegema		1
osta.paluma		1
sööme,joome,mängima		1
lalulama		1
jalu_teme		1
tansima		23
unus_tanud,e		1
küsimused,helistama		1
tansime,laulame,sööme,rääkima		1
jooonistuma		1
tantsime,laulame,mängima		1
tantsime_,mangim		1
Tuli.kuI		1
toivuma		1
mängime,sööm_e,jooksim		1
lõbu_same		1
sõõm		1
kuttsuma		1
küpsetsetama		1
kookema		1
mängime,joonistame,jalutame,laulma		1
,tanma		1
Evelin		1
joome		1
sõitama		23
akkama		6
vaadfama		1
nele		1
suhtle_me,joom		1
jaalutama		2
kutsma		2
sööma,mängima		1
mangida,laulda,joonista_da,tans		1
tantsime,laulame,sõitma		1
jalgrataga,joonistama		1
maitsev		5
minema	tagasi	33
tahama		35
mangi_me,söö		1
lõbuma		2
võtma	kaasas	7
aprillil.hakkama		1
12.00,lõppema		1
30.toimuma		1
tellima		49
mämgima		1
minema	sisse	4
juuni.alguma		1
hüppama	peal	1
teenema		1
veebruaril.hakkama		1
uisutama,_lähme		1
tuimuma		3
,mängima		3
sõitma	koos	5
mängi_me,tants		1
esinema		821
püama		1
mänguasjadega,mängima		1
kulli,_mäng		1
mahtuma		38
mägima		3
süüame,suhtlema		1
laskma		131
tema		11
tähistama		51
küsimusi,helistma		1
tahema		3
sõidma		91
mängi_me,tansime		1
sööema		1
hminema		1
lõpema		23
lähem		6
maksma		1223
museumi,_vaatama		1
riietama		7
teema		20
ketsima		1
minema	välja	32
vaatama	peale	2
mängma		6
kandma		74
räägitama		2
seisma		131
kirjuma		9
Jalutame.pane		1
hommema		1
jooonistama		1
püks		7
tervek_s.hi		1
sööma	kaasa	3
kyidama		1
laht	taha	1
jalutame,mängima		2
javaatama		1
panema	ära	6
mõttlema		16
sõjtima		1
tulema	tagasi	127
sõdama		3
eksponaatid_,mängima		1
sõitme		1
viktoriini,vaatama		1
tegima		46
klasslahema		1
ostama		12
töötama		1919
jooksma	ära	15
jõud		1
sündima		326
lahme		1
matkama		82
lahm		7
vottama		3
sadama		45
kulama		2
veema		9
loomaaeda.tagama		1
koolis.algama		1
votma	kaasa	2
näme		1
kindama		2
klass_sõit		1
sõitma	edasi	2
rietuma		1
jope		1
saam_ejalutama		1
pandma		15
saame_tutv		1
mevaatama		4
ka.tervitama		1
palli,hüppama		1
onerinema		1
panema	järgi	1
paistma		53
linnu_vaatam		1
hommetoimuma		1
vattama		2
teade		27
loom		3
näima		18
koguma		77
jaletama		1
mängime,_rääkime		1
pluus		1
jalg		1
näema		10
või_leib		2
katsuma		11
jäätma		23
psnna		1
mapanema		1
sõitsimetartuma		1
maksma	ära	12
.kohtuma		2
,sõitma		1
väljuma		15
tutvuma		504
külastama		454
sobima		502
bussiga.alustama		1
kohtama		61
lõppetama	vaja	1
peatuma		20
müts		1
ekskursiooniset		1
mugama		5
riided.ootama		1
kõndima		62
õpetaja_hakkab		1
äme,mängima		1
kontuma		1
vaatame,_kuit		1
kampsuma		6
kirjutama	tagasi	50
jäätis,_sõida		1
kassama		1
,pane		1
basein_is,mäng		1
vätma		1
jaluma		5
ehitama		84
Jalutada.Panen		1
teatema		2
ootama	vastu	28
klassiõpetajakorraldama		1
panema	kaasa	1
riidema		2
värvima		21
avama		562
kinno,mängima		1
õppema		18
jalä_heme		1
panema	vaja	1
kokkuma		4
toimub12.05,alustama		1
kuulasime,vaatama		1
millessinu_meeldib		1
klassistulema		1
päästma		49
minna.pane		1
raakima		11
mekäima		1
asubvana-linnas.loomama		1
kirjuta,mima		1
joop		1
mejalutama		2
lõuna		1
mel_ähme		1
arutama		36
tegutsema		54
tead,et		1
me:jalutame,sööme,mangime,käima		1
saabas		2
Mängime,jooksime,hüppAtame		1
algumiseni_sõidame		1
linna_sjalutama		1
jõuma		2
rägima		13
klass_läht		1
keslähtema		1
lõikama		13
huppama		6
kirjatama		4
käime,mängima		2
tanäma		2
soitma		9
kutsuma	kaasa	170
misalgama		1
kaksma		1
lodama		1
palunhelistama		1
meisterdama		12
lahima		2
jalutada,rääkima		1
küsida,paluma		1
tahadmima		1
sapanedp_üks		1
tosuma		1
KuulaTa.ma		1
koosvõtama		1
mängime,joonistame,kirjutame,vaatama		1
Sõber,Denis		1
jalutame,koristama		1
minema	koos	12
,panema		1
seletama		169
jaluta_me,sööm		1
sõitma	tagasi	41
vaaatama		1
ööma		1
pannamustama		1
mängisime,kirjutama		1
panima		3
jasu_htlem		1
mängime,kuulame,suhtlema		1
joonistame.paluma		1
palun		1
sõda		1
loomi,jalutama		1
istuma		465
tänama	ette	45
jajoonistama		1
jonistama		5
laht		1
esitama		128
räguma		1
jajalutama		1
soovitama		145
aitama		1941
pildil,jonistame,mängima		1
planetaariumis,vaatama		1
saabuma		24
vaadata,mängima		1
osta.arvama		1
teathama		1
joonistame.pane		1
mängime,vaatama		1
annnama		1
täitma		51
mängimeerinema		1
kasvama		246
peame_panema		1
joonistada,jalutada,mängida,kuulama		1
soe		2
ojtama		1
huvita_b,siis		1
mailtoimuma		1
kontaktima		7
korjama		98
jaotama		4
toimma		1
palli,jalutame,korjama		1
pane		1
riie		1
näitlus,vaatama		1
sabuma		1
:vaatama		1
liiv		1
pildistame.ma		1
külatstama		1
jalutame,vaatama		1
pannema		5
siduma		1002
sõitma	välja	18
naitama		8
võttama	kaasa	8
muuseumisse,vaatama		1
tea,mima		1
mängi_me,tee		1
,hakkama		1
kummik		1
tänama		293
jälutama		7
tulema	üle	1
kamsuma		1
tomuma		4
loomadele		1
glaasist.ma		1
võtama		13
ujume,mängime,jalutame,söödma		1
jalutame.paluma		1
minema	vaja	27
panete,ema		1
lahema		21
minama		1
heleneg		1
antma		12
süüjama		2
kuulma		536
otsustama		447
paagima		1
võipma		1
või	kaasa	1
süa		1
tanama		9
tooma	kaasa, kaasa	1
puuduma		184
jooma	kaasa	3
võitma	kaasa	2
jook_sime,mängi=me		3
jooksima		63
utlema		7
vötma	kaasa	8
löpetama		1
saolima		1
pliatma		1
spordipäevtoimuma		1
võtama	kaasa	5
staadioniltoimuma		1
seealgama		2
tuulma	kohale	1
jooksime		3
mängime,jooksime		1
sööia		1
puudma		5
võtma	.kaasa	4
seetoimuma		1
olima		5
joksma		4
toimuma	kõrvale	1
puudima		1
olema	kaasa, vaja	6
kaasama		7
täpsustama		141
võtta_,mid		1
mail.toimuma		1
pidama	kaasa	3
jalutama	koos	3
võõtma	kaasa	1
puudutama		40
jookseme,hüppama		1
õppi,pannema		1
hupema		1
hea		6
osten		1
sportsaalistoimuma		1
mängida,joostma		1
votama	kaasa	1
toimuma	üles	1
söötma		3
osalema		1277
võtma	ära, kaasa	1
võilema		1
peama		1
võtma	kaassa	1
kavama		6
tegetsema		1
kavatma		4
hilineskima		1
ütlema	edasi	2
mängisima		2
naerma		29
panema	peale	6
teadma	jooksa	1
viskama		129
11.00.toimuma		1
jooksama		7
6_8.algab		1
registreeruma		29
sooma		4
tõukma		1
rulema		1
värsema		1
andama		5
heitma		9
teankuhtuma		1
loterii		1
jooks		6
unistama		88
tolmuma		1
asuma	juures	1
teatejoks,mängima		1
puduma		2
mai.tulema		1
kava		2
võitma		1007
hüppema		4
:mängima		1
jooks_ma,h_üppama		1
kuul		1
tõukama		5
jüüdma		2
võõtma		2
toimuma	vaja	2
meuisutama		1
kaasa.ma		1
registrerima		5
nahama		1
autosustama		1
tegama		21
tea,agama		1
saa.kaasama		1
alagama		1
muugama		2
sõitama	vaja	1
-mängima		1
,tantma		2
lulama		1
tahtma	vaja	1
Teha.oN		1
ütllema		1
võtma	koos	2
mängime_,uisutam		1
naer		1
hästiorganiseerima		1
riutama		1
tuled,paluma		1
puut		1
süda		2
sportima		11
möngima		1
müüma		91
erenima		1
viaskama		1
mmängima		1
hüpame		1
saama	kohal	2
suhelda=.sa		1
.saama	kokku	1
–kirjutama		1
tulema	kaasa	25
jooksma,hüpama,viskama		1
jüüma		4
tojmuma		1
tullma	tagasi	1
võtma	tagasi, kaasa	1
teavitama		17
,votma		1
puutuma	kokku	115
valima		1663
vajama		373
parandama		330
kasutama		728
tegema	edasi	29
harjutama		45
kandma	ette	1
laulma	kaasa	18
looma		359
pühenduma		12
avastama		107
vihama		6
käima	ringi	26
assotsieerima		1
nimetama		167
nautima		208
minma		1
panema	kokku	16
seostuma		49
tarbima		15
seletama	ära	2
jagama		184
kujutama	ette	146
võtma	maha	18
heidutama		1
tegema	maha	2
kulgema		4
katsetama		10
leitama		3
pidama	vastu	4
ümbritsema		79
kujuma		10
ümisema		11
andma	juurde	16
suutma		366
seostama		32
mööduma		64
lebama		2
tõmama		1
hingama		16
seisnema		25
vaevama		4
pühkima	ära	2
särama		9
muutma		845
pruukima		83
märkama		163
tõmama	välja	1
pärandama	edasi	1
tulema	vastu	14
leevendama		18
kaduma	ära	26
koonduma		2
arendama		323
tõstma		91
mõjutama		287
ühtlustuma		1
jumaldama		10
tekitama		255
eristama		19
koosnema		58
sarnanema		16
sõltuma		558
lülitama		4
nostalgitsema		1
jälestama		2
tingima		10
sundima	peale	3
nõustuma		137
lisama		170
panema	tähele	14
kõnnima	ringi	3
haarama		14
andma	edasi	24
piirduma		9
väitma		115
loobuma		64
ühendama		124
võimaldama		106
leiduma		139
lükkama		10
muutuma		930
õpima		229
keelduma		13
vedama		71
töötama	üles	1
võtma	ära	31
jääma	järgi	2
kujunema		43
keskenduma		120
segama		131
rajama		16
kahanema		5
jätma	kõrvale	4
saatma		386
olenema		79
kandma	kaasas	14
salvestama		23
sisustama		14
omama		53
määrama		19
muutuma	edasi	3
arenema	edasi	53
viima	kokku	7
tõlkima		41
olema	tarvis	42
konsentreeruma		4
rahustama		28
stimuleerima		4
põgenema		33
vihati		3
meenutama		75
vihkama		67
huvituma		43
minema	üle	9
kaduma		122
kaasnema		90
tuletama		50
kulutama		78
üritama		83
pidama	kinni	9
tolereerima		1
lauluma		3
lohutama		5
innustama		8
minema	edasi	80
hõlbustama		3
samastuma		9
mõistma		188
jätma		168
peituma		28
mõtestama	lahti	3
sätestama		1
sõna		1
hoidma	kaasas	1
toimima		47
teadvustama		2
omandama		123
laekma		1
kirjeldama		80
pöörduma		73
musitseerima		6
järeldama		23
kutsuma	esile	2
kaotama		158
lõdvestama		4
viima	eemale	8
jätkama		169
andma	alla	19
lahkama		1
hoolima		36
tõmbama		30
tõdema		32
hajutama		3
korduma		7
põimima		4
jälgima		76
püstitama		8
kopeerima		2
suruma	peale	7
õhkuma		1
sunnitama	peale	1
naudima		24
käima	kaasas	35
puhuma	sisse	2
minema	kaasa	13
rääkima	kaasa	4
hoidma	peal	1
arenema		673
püsima	kaasas	1
viibima		65
aitama	kaasa	98
käima	kaasa	2
ilmuma		83
tulema	kokku	15
valima	välja	124
reisima		311
paeluma		6
hakkama	peale	5
väljendama		240
paiknema		9
vabanema		9
tooma	kokku	32
ise_loomustama		39
iseloomustama		4
saama	üle	20
avaldama		1075
ohjeldama		1
lõimima		1
sattuma		83
motiveerima		80
moodustama		39
lõõgastuma		19
jääma	külge	5
valama	välja	1
ilmestama		1
täiendama	eest	1
kõlama		44
kõnnima		8
eemaldama		3
jäädvustama		5
tooma	tagasi	17
komposeerima		1
intensiivistuma		1
kahjustama		75
tõestama		29
seadma		21
jätma	välja	5
kasutama	kõrvale	1
tulema	esile	4
kaitsma		53
suunama		26
vormima		7
kuluma	ära	1
tunnetama		12
elama	välja	14
elama	üle	15
diskuteerima		3
sukelduma		6
avanema		32
rahunema		10
hindang		1
tunduma		369
pugema		9
tatsuma		3
laskma	välja	3
vaidlema		78
inspireerima		21
vähendama		51
sobima	kokku	2
jõudma	edasi	8
tulenema		20
tulema	välja	156
tundma	ära	15
tüdinema	ära	3
viitsima		53
kurdistama		1
lõõgastama		3
rahuldama		14
ületama		21
tooma	välja	40
põhjustama		66
nõrgestama		2
lülituma	välja	2
kurdistuma		1
viima	läbi	70
püüdlema		9
suurendama		33
jätkuma		71
lahutama		18
püsima		37
harjuma		137
panema	üles	6
mõnulema		1
austama		132
edastama		19
opetama		2
jättama		6
süvenema		28
sahisema		1
langema		35
saama	valmis	4
tõusma	püstigi	1
laulma	peale	1
võitma	ära	1
pääsema		14
esinema	edasi	2
väljenduma		8
julgema		43
valdama		44
minema	kokku	8
liitma		9
hoidma	kokku	28
võtma	kinni	3
hääbuma		6
kuuluma		91
olema	koos	8
pööritama		1
rõõmustama		48
elama	läbi	15
olema	eemal	1
vahetama		95
lindistama		2
kandma	edasi	14
võtma	üles	2
eksperimenteerima		10
sisenema		10
pühkima		6
sulgema		21
grillima		45
rändama	tagasi	1
lüüema		1
mõjuma		111
kajastuma		3
otsima	üles	2
kutsuma	kokku	2
nõudma		78
tiirlema		2
pingutama		693
toetuma		30
enamlevima		1
eelistama		119
suhtuma		112
kuulduma		2
tajuma		15
lahendama		842
ajama		33
läbima		269
leiutama		117
tunnistama		23
vananema		4
muutuma	kokku	1
arutlema		113
jagunema		8
tulema	juurde	19
suurenema		52
tegelema	ilma	1
sundima		66
miksima	kokku	2
tsiteerima		11
meenuma		28
pikendama		13
tooma	esile	11
ärkama		41
minema	kinni	5
sisendama		1
kasvatama		77
patsutama		1
mõistma	ära	1
saama	läbi	61
paigutama		8
rahmeldama		1
varieeruma		2
mangima	kaasa	1
kujunema	välja	16
hoidma	ülal	1
saama	otsa	5
toetama		127
õnnestuma		222
kujutama		43
peletama		6
võtma	külge	1
postitama		15
peatama		7
vältima		101
kujuma	ette	36
üritama	peale	1
jonnima		1
aitama	eemale	1
edenema		4
igatsema		46
eemalduma		2
unustama	maha	1
häirima		49
paranema		248
käima	läbi	18
ununema		12
avardama		23
sulguma		1
fändama		2
raatsima		1
õppima	ära	25
laskuma		4
rikkuma		76
järgima		27
tehdma		2
mugavdama		5
tootma		47
saama	juurde	3
tegema	heaks	2
maandama		13
mõtlema	juurde	3
sirkuma		3
vallutama		11
ilmuma	kohale	1
eralduma		5
jääma	ilma	24
levima		61
teenima		125
tinistama		4
mainima		92
lisanduma		4
miksima		2
tulema	peale	4
orienteeruma		8
süvendama		11
tervendama		3
kasvama	üle	1
köitma		7
viima	ära	3
nakatatama		1
kasvama	üles	67
kolima	ära	14
jääma	pooleli	3
kuulama	edasi	1
tantma	ringi	1
tungima		4
kujundama		50
ostlema		3
vabastama		10
ravima		58
hõlmama		8
lähtuma		26
pusima		2
võnkuma		1
väsima	ära	8
saama	eemale	3
eksisteerima		48
mõtlema	üle	10
pikutama		1
peitma		15
tõde		1
seiklema		1
sooritama		115
kuri_tarvitama		1
eristuma		4
hoidma	eemale	4
seonduma		6
lülitama	välja	7
jõudma	tagasi	14
formuleeruma		1
käima	läbi, kokku	1
naima		3
paastama		1
tagama		17
hiilima	eemale	1
nägema	kohal	1
tärkama		4
suruma		8
katma		38
imestama		27
ulatuma		7
kohama		4
minema	lahtigi	1
võrdlema		131
võtma	läbi	2
ootama	ära	1
lõpetama	ära	8
tahetama		1
arvestama		119
liikuma	ringi	11
liikuma	edasi	54
liigutama		16
pesema		63
mõlguma		2
rohima		5
kinnitama		20
minema	peale	9
kuulama	kokku	1
rikastama		9
avalikustama		1
valmima		5
halvustama		6
tõmbama	ligi	2
vinguma		8
saavutama		304
toimuma	ära	1
kontrollima		91
saama	sisse	22
koputama		4
jõudma	järele	2
õppima	edasi	236
surema	välja	8
levitama		8
kostuma		5
tõmbuma		2
liitma	kokku	1
seoma		176
aitama	läbi	2
laev	alla	1
idoliseerima		1
panustama		21
jalutama	ringi	6
tooma	üles	1
tõusma		67
vee		2
nägema	välja	186
unustama	ära	23
viima	kõrvale	1
lähenema		7
vähenema		39
ümisema	kaasa	2
kästma		2
itsitama	üle	1
filmima		65
rokima		1
lülitama	sisse	3
põletama		4
kombineerima		5
üllatuma		5
tansisklema		1
väsitama		9
laksma		1
soodustama		18
magama		173
täheldama		8
riskima		2
liigelma		6
püüdma		831
talletuma		2
sallima		11
osutuma		22
liitima		1
isoleerima		2
eraldama		8
kanduma	edasi	3
veenama		1
puutuma		91
veenduma		100
kustutama		11
säilitama		39
kiinduma		7
tunne		2
lodvestuma		1
minema	mööda	8
aktsepteerima		8
lendlema		1
teesklema		2
häbenema		8
ihaldama		6
aidama		26
astuma		224
treenima		11
aeema		1
elama	kaasa	12
tungima	läbi	1
peletama	eemale	1
surfama		20
kõndima	ringi	2
jämmima		1
haarama	kaasa	4
muretsema		442
kippuma		31
osama		6
kriiskama		1
võlgnema		2
pühendama		40
tekitama	juurde	5
kalduma		26
vahelduma		1
kõnetama		9
sõudma		2
kätkema		1
mõeldama		5
lähendama		20
andma	sisse	1
väsima		19
pöörama		119
keerlema		1
ärritama		7
vihastama		1
hiilima	kõrvale	1
liiguma		5
taguma		1
ahhetama		2
pöördma		2
müüma	välja	3
mööduma	ilma	1
ärkama	üles	4
varjuma		2
lahkuma		138
sulanduma		2
tegema	ette	1
takistama		15
jätma	pooleli	2
tegelema	edasi	4
sunnitama		5
kohustama		9
peegeldama		5
varjama		5
laiendama		87
kuulama	ära	4
liigitama		1
ala_hindama		2
saatma	välja	3
mängima	kõrval	1
peitma	ära	1
tõlgendama		2
töötlema		12
remixima		1
teevgamk		4
nutma		31
röövima		15
saama	vastu	4
kehtima		52
veedang		1
valmistuma	ette	4
tõusma	püsti	5
dubleerima	peale	1
vaidlema	vastu	19
laskma	valla	1
hukkuma		2
keelama	ära	1
tunnetama	ära	2
kuulama	läbi	3
tunema		7
keerama		4
rahustama	maha	1
taastama		6
olema	rahul	47
rikkuma	ära	6
tõmbama	kaasa	2
peetama		1
ohkama		2
oletama		14
sõlmima	lahti	1
viskama	ära	12
sööbima		2
õhutama		5
lööma	läbi	18
põruma		1
tähtsustama	üle	1
uuenema		7
laev	ülesse	1
märgama		8
kindlustama		12
kihutama		3
looma	juurde	1
liituma		11
kogunema	kokku	5
minema	laiali	3
mälestama		5
kõnelema		23
andma	ette	3
valitsema		15
abistama		59
kohanema		26
sisaldama		57
mõistma	hukka	5
raiskama		630
leidma	üles	22
suhelema		10
asenduma		4
süüvima		1
ergutama		2
ennetama		8
liikuma	kaasas	1
töötama	kaasa	3
domineerima		6
laitma	maha	1
lüüema	kaasa	1
spekuleerima		1
taastuma		3
ristuma		2
pingutama	edasi	3
ehitama	üles	6
koristama		92
arenema	välja	9
läbielgama		1
lahterdama		1
hoidma	kinni	16
elavama		3
rütmima		1
matama		2
uputama		3
valama		6
saatma	edasi	1
voolama		9
lisanduma	juurde	1
tabama		8
kurvastama		17
andma	kaasa	5
lösutama		2
leppima		17
jaotuma		2
rändama		17
mõtisklema		10
tüdinema		3
rajuma		1
hakkama	külge	1
jaksama		5
kirjutama	üles	1
vallandama		1
peenem		1
edundama		1
toitma		6
meelitama		7
möllama		3
asendama		45
tuupima		3
andma	kätte	1
be		1
have		1
been		1
arvama	kaasa	4
õhkama		2
tekkima	juurde	14
taluma		14
pidurdama		4
käima	kokku	1
lisama	juurde	4
sallitama		3
hoidma	ära	9
tunma		1
ettekujutama		8
sirvima		6
halvenema		15
kurtma		7
jäetama		1
piirama		18
viibima	koos	1
väljastama		3
soetama		4
jõudnma		1
jääma	rahule	139
kampama		1
võitlema		51
solvama		28
poetama		2
kustuma		2
piisama		78
nihverdama		1
minema	tarvis	1
vaatama	ringi	3
helisema		4
utsitama	tagant	2
siluma		1
käima	juurde	1
lummama		4
kogema		22
kuulav		1
käsitlema		15
improviseerima		2
muljetama		4
panema	lukku	1
asetama		3
peoma		1
sama		2
jäema		5
närvima		3
tegema	juurde	3
mõetlema		1
pakk-uma		1
maalima		5
laadima	alla	4
välistama		3
loopima	kaasa	1
lobisema		10
ülbitsema	vastu	1
astuma	ülesse	1
kuulama	kõrvale	1
informeerima		18
olema	kohal	7
täituma		8
viitma		7
kuritarvitama	ära	1
tegema	ümber	7
jääma	välja	2
viima	tagasi	5
näitama	välja	6
silmama		2
kogen		1
hoolitsema		70
tegeletama		1
jääma	alla	6
summutama		1
kohastuma		2
näitama	üles	1
laiselema		1
kuluma		37
väärtustama		106
viljelema		3
pelgama		2
tasuma	ära	2
minema	heaks	1
lenneldama		1
kaevuma		1
veedama		21
sulema		3
lausuma		2
arvama	välja	7
välja_kujunenud		1
kasutama	ära	26
paljastama		1
hoolitama		2
viibutama	kaasa	1
hoidma	tagasi	2
tikkuma		1
laulma	koos	2
igavlema		1
kõlama	kokku	1
jahtima		1
rändama	kaasas	1
olgugi		2
sattuma	kokku	2
loendama		6
kohustusema		1
piinama		2
loema		11
laadima		8
tundma	kaasa	2
sõitma	ilma	1
märka_ksime		1
ajendama		5
make		1
üürgama		1
oksama		1
venima		4
vahetuma		2
õppima	vaja	1
lindistama	üles	1
hägustuma		1
vaatama	välja	3
puhama		2
minema	vastu	1
mässama		2
armuma		14
juhatama		4
juhtima		108
tekgima		1
nokitsema		1
kordineerima		1
jalgima		9
jätma	maha	11
pöörlema		2
fändma		1
pruugima		5
samastama		1
ümbritsema	välja	1
astuma	sisse	52
kõlama	vastu	1
mõlgutama		4
võtma	ette	14
kahtlustama		3
ühenduma		1
täiendama		71
õustuma		1
väätustama		1
kujuma	ettegi	3
mängima	kaasa	1
selguma		21
kaotama	ära	10
arendama	edasi	19
pälvima		3
satuma	kokku	1
võtma	kokku	22
harrastama		12
ajama	taga	1
viima	edasi	15
võrduma		2
leitma		20
tooma	juurde	3
naasma		12
torkama		6
marssima		1
sulama		3
teostama		16
tooma	sisse	4
investeerima		4
kaasaaidama		1
vilistama		3
jääma	alles	10
kõmisema		1
hüppama	vastu	1
tantsima	välja	1
moodustuma		2
ilmnema		5
laulama	kaasa	1
talletama		1
leidma	tagasi	2
taask_uul		1
läkitama		1
puhkema		5
murdma	läbi	2
väljutama		1
kerkima	esile	5
otsima	välja	5
nautima	kokku	1
lakkama		3
klimberdama		1
hoiatama		3
lahknema		2
sirguma		3
meeldi		2
jääma	kinni	2
saama	lahti	17
püidma		3
püidlema		1
kiikama		2
avalduma		21
istutama		15
ühinema		7
mõtlema	järele	5
julgustama		2
ründama		5
käima	üle	2
saama	kätte	14
vigastama		9
käima	koos	5
jääma	ära	17
hoidma	eemal	1
ostma	ära	2
unistuma		2
lugema	läbi	21
aitama	üle	1
surema	ära	5
huvitutama		1
möllama	ringi	1
keeksma	üle	1
uitama	ringi	1
suvenduma		1
tulema	moodi	1
aimama		3
peletama	ära	1
uuendama		10
genereerima		1
protestima		2
samm		1
uinuma		1
mõetma		1
lööma	kaasa	2
aitama	välja	2
saama	ligi	2
vahetama	välja	1
kiirenema		6
analüüsima		24
kulgema	edasi	1
jätma	järele	1
esindama		29
minema	ära	70
teadagi		1
aitama	edasi	6
säästma		27
rakendama		33
kasnema		1
kannatama		40
lendama		97
hakkama	pihta	2
mängima	edasi	2
rohtuma		1
valutama		35
tugevdama		8
kodeerima	sisse	1
loovutama	ära	1
põrnitsema		1
tekima		33
kuhjuma		3
pritsima		1
tasuma		128
matma	maha	1
lihtsustama		44
külvama		2
pigistama	kinni	2
analüüsima	läbi	1
turgutama	tagasi	1
sisestama		4
minema	katki	32
elama	ära	1
halvama		8
saama	alla	1
uurima	välja	3
kuritarvitama		20
purunema		2
kritiseerima		55
kaoma		5
pääsema	ligi	2
propageerima		7
opima		3
ahvatlema		1
rääkima	edasi	3
täienema		1
päev	läbi	1
piisama	välja	1
puudma	kinni	1
panema	püsti	1
jõudma	kohale	19
liiklema		1
plahvatama		6
rabama		2
kiiritama		1
ravima	välja	3
surema		47
niisutama		1
pärinema		9
kasvatama	üles	6
ostma	kõrvale	1
sorima		1
kustutama	ära	2
laduma		2
tiksuma	edasi	1
laienema		10
lumma=tud		3
üllatama		16
hankima		6
põhjendama		42
leiut=at		1
taipama		11
ammutama		3
allkirjastama		3
suhtlemi		5
lapama		1
kolima		71
saama	peale	1
kaasa_läinud		1
hakkama	vastu	1
saabuma	kohale	2
ohustama		10
hävima		3
saade		2
järgnema		16
saama	ette	2
dikteerima		3
rõhutama		32
sõitma	ringi	6
lehitsema		2
tulema	edasi	7
võtma	üle	8
lagunema		6
maksma	kinni	8
tallutama		1
pürgima		3
käima	kohal	1
kandma	sisse	2
viibutama		1
loetlema		5
surmama		2
reostama		16
kergendama		10
näppima		3
õmblema	kinni	1
programmeerima		43
mängima	maha	2
vahtima		3
asetsema		4
askeldama		3
ootama	ees	6
nägema	üle	1
panema	ette	3
osatama		1
laiema	ära	1
saastama		14
käima	ümber	4
kiirendama		4
veetma	üle	1
hääletama		3
selgitama	välja	3
leit		1
kütima		1
kanma	kaasas	1
külmetuma		2
maksma	tagasi	4
müüma	maha	1
püütlema		4
tulema	ära	8
hävitama		19
toimuma	edasi	5
hoolime		1
koondama		2
tähele_panematta		1
rajanema		1
reklaamima		2
rääkima	silmast_silma	1
trükkima		2
maanduma		3
pesema	ära	4
vajutama		8
googeldama		2
raskendama		5
mõtlema	läbi	16
eeldama		17
minema	kohale	2
tormama		1
vibutama		1
tembeldama		2
arendama	välja	3
vuhisema		1
vurama	ringi	1
kõndima	tagasi	1
võtma	tagasi	3
tulema	asemele	1
naema	välja	1
moodustuma	välja	1
säilima		33
looma	kaasa	1
ehitama	sisse	1
latma	alla	1
hoiduma		9
harjuma	ära	10
osutama		7
pooldama		19
otsima	kokku	1
töötama	edasi	6
kujutama	ettegi	3
oodama		2
varastama		15
seiskuma		2
amputeerima		1
kõrvetama		1
pikenema		5
kahtlema		19
hävitama	ära	2
jääma	maha	20
imiteerima		1
kleebima		2
nägema	ette	7
suunduma		6
toimetama		4
eksima		24
välja_mõeldud		1
sööstma		1
fokuseerima		6
tõusema	esile	1
laevama	alla	1
libistama		1
värskendama		3
aeglustama		1
taa_siseseisvuma		1
ravima	ära	3
mõel=dud		1
paigaldama		6
hiilima	mööda	1
vajuma		3
täheldama	üles	1
paiskama		2
filosofeerima		1
eitama		8
tapma	ära	2
saama	tagasi	24
kuulutama		30
muundama		1
siirdama		1
niitma		11
kustalgama		1
nime_taksing		1
neelama		3
lugema	üles	1
rändama	ringi	3
kirjutama	välja	2
laskma	ringi	1
pilgutama	tagasi	1
astuma	välja	4
murenema		1
lehvitama		3
ajama	segi	1
puhuma	vastu	1
isuma		1
silitama		2
taganema		1
hõõruma		1
kiirustama		21
trügima	mööda	1
mitmekordistuma		2
pruug		1
istuma	maha	1
lihtustama		2
leidma	ülesse	1
tähele_panema		1
minema	juurde	2
abi_elluma		3
müterdama		1
lahenema		3
töötama	välja	10
näide		1
käima	jala	1
sõdima		3
haigestuma		12
votma		2
võtma	välja	8
elane		2
juhkama		1
katkema		7
murdma	sisse	2
halvama	ilma	1
elama	ilma	1
vaatama	mööda	4
toonitama		2
valvama		4
välja_arenenud		1
seisma	peal	1
avastama	ilma	1
vangistama		2
tegema	lahti	18
hõrenema		1
käitma		5
jäe=tud		1
tegema	ringi	3
õitsema		4
ähvardama		5
niidma		1
kuulama	pealt	2
imema		2
kontakteeruma		4
laskma	lahti	4
saama	ära	4
kinnistama		2
kimbutama		1
jääma	üle	4
puhkema	välja	1
elluviia		1
kuritarvima		2
kritiseeri=v		1
varitsema		3
tarvitama		3
panema	kõrvale	2
petma		10
pesitsema		2
maitsema		27
sihtima		1
lööma	lahku	1
hõivama		6
väldima		1
saama	parata	3
jõudma	välja	2
vaevuma		2
põlema		10
liikuma	tagasi	3
leppima	kokku	60
ennustama		2
ootama	ilma	1
edastama	edasi	1
pidama	ülal	1
tegema	otsa	1
paistma	välja	7
ennustama	ette	1
valmistuma		28
kinni_pidama		1
väljatöötama		1
puhkima		1
harjuma	ilma	1
võtma	lahti	4
muutuma	läbi	1
panema	välja	4
kaaluma		13
kaaluma	üle	3
võimendama		1
guugeldama		1
usaldama		29
eirama		5
laema		1
funktsioneerima		2
vaatlema		44
piiluma		2
suvatsema		1
mõtlema	ilma	1
kündma		3
ellu_jääma		1
ärgatama	üles	1
vaikima		16
proovima	edasi	1
edendama		7
sadama	alla	1
veeretama		1
aretama	edasi	1
laenutama		4
taanduma		1
naerma	välja	1
rippuma		9
suhelema	läbi	1
nälgima		1
tõstatama		3
vaatama	üle	17
kukutama		1
pest		1
triigima		1
tootma	juurde	1
tegema	välja	6
virvendama		1
mõõtma		5
kontrollima	ära	1
evakueerima		1
veedtmk		3
õppima	juurde	8
hõlpsustama		1
tungima	kallale	1
jätma	ära	10
jõuakdms		1
toksima		1
uurima	järgi	1
tõmbama	ette	1
vahendama		3
jääma	järele	2
tellima	sisse	1
nägema	pealt	1
trükima		3
ajastuma		1
püüama		4
nappima		1
liialdama		3
arusaama		5
dis_krimineerima		1
kiitma	heaks	3
töötlema	välja	1
harima	läbi	1
aeguma		2
piirima		1
raiuma	maha	1
jätma	rahule	1
lugema	välja	6
kütma		1
harjund	ära	1
tulma		1
suhtlema	ilma	1
muutma	edasi	1
vajama	kaasas	1
manipuleerima		7
hävinema		1
sünnitama		6
tassima		5
võrama	üle	1
toimetama	kohale	2
laimama		1
kuri_kasutatak		1
täiustuma		1
täiustama		3
muudama		7
magama	maha	2
piiksutama	läbi	1
läbi_viia		1
filmima	üles	1
petma	välja	2
kohtutama		2
muundama	ümber	1
paiskuma		1
diagnoosima		1
lõikama	lahti	1
välja_töötatud		1
siirama		1
laastama		2
tõendama		8
ajama	ära	1
halvendama		5
sekkuma		5
kiirgama		1
toppama		1
varustama		2
kõrvaldama		1
keevitama	kinni	1
hojama		2
hiilgama		1
mingem		1
hooligem		2
häkima		1
häkkima		2
riivama		1
ringlema		1
andma	välja	4
paljundama		1
kujundama	välja	1
allalaadima		1
piinlema		1
liigelda		2
purustama		2
olema	ära	11
hakkima		1
virisema		2
piiksuma		1
püüdma	kinni	2
tooma	edasi	1
kajastama		3
otsustama	üle	1
astuma	vastu	3
laskma	maha	1
võõranduma		1
leidma	läbi	1
rõima		1
lennama	ära	1
põhinema		14
kerkima		3
positama		1
pema		1
nõuma		5
sisse_lülitatud		1
teadma	ette	1
vehkima		1
torgatama		1
varisema	kokku	1
sööma	välja	1
sõrmitsema		1
vestma		1
reguleerima	ilma	1
karanteerima		1
lööma	külge	1
veetma	koos	3
tõrjuma		2
surisema		1
podisema		1
logelema		2
märkima		24
mugavnduma		1
säutsuma		1
logima	sisse	1
kiuskama	taga	1
algatama		2
venima	ette	1
võtma	juurde	2
soojendama		3
sulama	ära	1
jagama	edasi	1
ehitama	juurde	1
eksima	ära	8
leitma	üles	1
toituma		8
laekma	üles	1
kommunikeerima		1
kutsuma	välja	2
viitsima	välja	1
eritama		3
sünd		2
muutnuma		1
vaktsineerima		4
tootma	edasi	1
progresseeruma		1
triikima		1
suruma	välja	1
sündima	juurde	1
tähele_pand		1
aru_saam		11
all_kirjasta=tud		1
tammuma		1
vaimustuma		1
saama	edasi	7
valgustama		2
lugu		1
riputama	üles	1
kadestama		8
vägivallatsema		1
aeglustuma		2
parkima		1
nurisema		2
karglema		1
kompenseerima		8
elama	edasi	36
olema	alles	1
venitama		4
ajama	sisse	1
püsima	edasi	1
olema	üle	1
süüma	edasi	1
lükkama	tagant	1
viskama	maha	6
reostuma		1
surnud/surema		1
jaguma		3
sättima		1
pistma		1
minema	viltu	1
ehitama	peale	1
digitaliseeruma		1
vedama	kaupa	1
mahtuma	ära	3
uurima	edasi	2
jõudma	järgi	3
kasutavmd		1
klõpsima		1
klõbistama		1
ignoreerima		38
ava-stama		1
haldama		1
elatuma		1
tugevnema		5
vabam		1
sõitma	ära	23
läänestuma		1
reisima	ringi	6
seoksma		2
laiuma		3
käima	ära	17
ununema	ära	4
sündima	ilma	2
mõistama		4
lägema		2
orienteerima		8
saduma		1
minema	kaotsi	1
jäetama	kõrvale	1
ihkama		6
tühistama		5
vedama	kaasa	2
tõstma	püsti	1
kohisema		2
kajama		1
sammuma		1
hõiskama		1
tahtma	tagasi	7
kulgema	mööda	1
suhestuma		1
kuuluma	alla	2
murdma		12
piiluma	kõrvale	1
liialtma		1
võluma		5
määratlema		6
tükeldama		1
heiskama		6
tirima		1
lavastama		4
salvestuma		2
hammustama		3
rändama	sisse	1
segunema		2
immigreeruma		1
usuma		15
meelitama	kohale	1
looma	ilma	1
mahutama		2
passima		1
trampima		1
seigelma	ringi	1
vaatama	vastu	2
meeldima	peale	1
ütlema	vastu	6
sööma	ära	11
püherdama		2
hinnama		1
tunnustama		4
vaatama	tagasi	7
pärandama		1
pürkima		4
nakatama		3
pakuma		45
tuksuma		1
sõbrustama		4
kaoksma		3
kallistama		19
sõitma	kohale	1
andma	tagasi	16
reisima	välja	2
virelema		1
kutsuma	tagasi	6
ootama	tagasi	11
hüüdma		2
koristama	ära	5
prantsatama	maha	1
komistama	otsa	1
hingama	sisse	3
madanema		1
jõlkuma		1
pettuma		3
katkestama		371
sõitma	tasa	2
suusatama		4
kiruma		2
konkureerima		3
virisema	üle	2
imetlema	ära	1
pistma	välja	1
asendama	edasi	1
teadma	läbi	2
valmista=tud		1
näitama	ära	1
kipuma		2
sõnastama		2
suruma	maha	2
organiseerima		247
uritama		2
moodustama	kokku	1
hoima		3
hoi=tud		1
kolima	tagasi	2
suund		1
igatsema	tagasi	2
käiia		1
lõpetama	välja	1
teevgamk	kokku	1
komplimenteerima		1
motlema		9
kogunema	kokku, alla	1
võrsuma		1
vohama		2
väetama		1
käima	peale	1
elutsema		1
nägema	ära	2
kõndima	edasi	1
paitama		2
tavama		3
toimetama	laiali	1
vapustama		2
alluma		1
rabelema		2
kohastu=nud		1
rändama	välja	1
pöörduma	tagasi	2
meeldiv		6
juurima	välja	1
tegema	läbi	7
kurdama		1
pulbitsema		1
pajatama		3
hüljama		2
sõitma	läbi	1
naelutama		1
vaimustama		2
süütama		3
kütkestama		1
hämmastama		3
andma	vastu	2
kohtlema		4
voolama	välja	2
ühendadama		1
pakkuma	välja	6
olema	kinni	19
rohtima		1
tõmbama	tagasi	3
pressima	sisse	1
noppima		1
kõntlema		3
seokma		1
kõla		1
kattuma		1
jääma	lahti	1
elama	rahul	3
kasvatama	tagasi	1
töötavad/õpima		1
värisema		2
põksuma		1
tunnisdama		1
õiendama		1
rüüstama		1
jätma	alles	1
vaatama	otsa	2
muigama		1
kevaditi		1
uudistama		2
naljatlema		1
korrutama		1
tarbima	ära	1
pürgima	edasi	1
leebeltö_eldes		1
sunnima		4
rassima		1
kannatama	välja	1
jõud	lahti	1
nõugama		1
vedelema		4
käsima		11
hädaldama		2
ülistama		2
tirima	tagasi	1
punuma		1
pääsema	sisse	1
jooksma	ringi	11
saama	täis	7
sümboliseerima		1
lõikama	läbi	1
naasema	tagasi	1
rääkima	ilma	1
põhjendama	ära	1
pakkima		2
oilema		1
kehtestama		5
ise_seisvuma		1
reisima	ära	2
koolima		14
kolitama	ära	1
luiskama		1
lipp_uheis		1
pöörama	ette	1
kolama		1
surfama	ringi	1
möödasaatma		1
hallama		1
minema	ara	1
raiuma		1
hoiama	kokku	1
kõndima	vastu	1
hakkama	edasi	1
võitlema	välja	2
põimuma		1
laskma	ring	1
kinnituma		1
mõtestama		2
kõhklema		1
hoiama		4
ütlema	lahti	3
ühtima		1
kujutlema		4
mainima	ära	1
väärima		10
sujuma		1
kõigutama		3
tavama	edasi	1
rull_suusatama		1
kasvama	ülesse	4
kaunistama		4
tuutav		1
viima	välja	1
küünal		1
tava		1
uitama	ilma	1
käima	labi	1
tagasi_tull		1
huvitav		2
heitma	kõrvale	1
minema	lahti	3
köima		1
kiskuma	välja	1
kündma	edasi	1
õpima	ära	3
uudistama	ringi	1
joobuma		1
alandama		4
seoma	kokku	1
saama	jälile	1
siduma	kokku	1
hool		2
lõõvas	kaasa	1
riisuma		3
tampima		1
minema	läbi	7
kantseldama		1
vahutama		1
rikastuma		1
pidama	läbi	1
lõhkima		1
kohelema		2
põlgama		1
vastupidama		1
põrkama	kokku	1
teaksema		3
naljatama		2
praktiseerima		40
okupeerima		3
võitma	tagasi	1
voolima		4
pilgutama		1
karastama		1
tikkuma	peale	1
õhtutulema		1
astuma	sesse	1
tegema	tagasi	1
võtma	alla	1
toppima		1
tüütama	ära	1
ulatuma	tagasi	1
seobama		1
ulatama		1
minema	mööda, ilma	1
sobi_tung		1
kasvama	välja	1
tõstma	üles	5
seletama	lahti	1
kallama	alla	1
noppima	välja	1
luuletama		2
satuma		3
lehvima		1
uhkustama		1
hoidma	koos	3
salgama		1
linnastuma		1
aheldama	kinni	1
õnnistama		2
lahendama	üle	1
sulanduma	sisse	1
sõitma	mööda	1
tulema	maha	1
endasse_tõmbunud		1
pidama	üleval	1
deformeeruma		1
sähvatama		1
õnne_pisar		1
globaliseeruma		1
aerutama		1
hüvitama		3
naeruvääristama		2
diskrimineeritama		1
kiskuma		1
andma	ära	4
kistma	välja	1
tegema	ringi, peale	1
segama	kokku	2
programmeerima	sisse	1
sünduma		1
käija		1
matkama	läbi	1
kasvama	üleks	1
satuma	tülli	1
karjuma	üle	1
valmstama		1
lõdvestuma		5
sõnama		1
mõtema		2
tolmma		1
kelgutama		1
suuddma		1
ohverdama		8
vedama	alt	3
mõtlema	all	1
naasema		1
kanduma		1
olema	läbi	1
rääkidne		1
eidma		3
spatseerima		1
lämmatama		1
hoidma	püsti	1
tüdima		2
talitama		1
lüpsma		1
lainetama		1
jätama		2
tooma	kohale	1
muuma		1
küllastama		13
vabandama		88
kestama		24
räkkima		11
keestma		1
soobima		86
paistama		12
näitlema		10
veedma		26
jäätis		1
käema		23
vaatam		1
näitma		17
tore		5
kurjutama		3
äitama		4
jokma		7
võittma		1
ostustama		2
päivitama		3
tahtama		1
šoppama		3
hilinema		27
anema		17
söötama		2
söima		2
tähama		10
naidma		1
käma		2
mõõk		1
vaatama	läbi	5
lohu_suu		1
minema	täis	1
kaisine		1
valgama		1
puhtama		3
sajama		62
käisema		3
ööbisema		1
tagastama		29
räärima		2
säima		1
toiduma		1
püiama		1
teadma	eest	1
aitäh		17
haige		1
reisima	koos	1
soima		1
lobustama		1
lobustuma		1
kojama	vastu	1
tülitsema		14
tülitama		1
kaisma		2
taha-ksimt		1
jänunema		1
juutustama		11
kestma	kokku	3
muutama		12
pakima		1
jõudma	kokku	1
sõidma	välja	1
käiä		1
aub		1
sõidma	tagasi	2
nääma	välja	3
tervittama		1
pildi-stama		1
unust-ama		1
kallis		1
telkima		2
suhtema		4
väljamõtlema		1
kirjutama	vastu	18
veetama		40
pidama	alla	1
eitea		2
shoppama		5
joksima		4
veetsima		1
kuulema		3
kukkuma		31
kallima		1
riidlema		7
õnnitlema		2
käima	alla	1
vabanda		1
lendsima		1
sõitma	taga	1
siisaldama		1
aitma		5
saama	mööda	1
puhkuma		14
järkama		1
kardama		16
hulkuma		1
muretsama		1
sõidama	tagasi	1
koostma		16
sina		5
kulema		2
küsima	ära	1
väätama		1
provima		19
nätma		1
haakima		1
sümpotiseerima		1
taganema	sisse	1
otsuma		5
jätk.ma		1
tulema	vahele	1
hakkama	tagasi	1
tuulma	välja	1
soitama		1
sõidma	alla	1
võtima		95
kirjama		4
raagi		1
annama		16
antsima		1
kaema		2
lahama		1
sitma		1
koohtuma		1
planima		1
parenema		30
lõpetan		1
raagima		4
rääkisima		2
muuduma		1
vastuma		4
valmistasima		1
õppma		3
kass		1
segama	vahele	1
tuttvuma		8
käänama		3
küüsima		1
kardma		21
naudma		4
selgitama		115
elama	juurde	1
tahendama		4
kijutama		2
vigama		1
praaktima		1
tuntma		5
tahhama		1
sõtma		4
alu-stama		1
parafraseerima		1
elama	eest	1
suhtlema	edasi	3
unusta-ma		1
sele_taksan		1
meldima		79
võtma	heaks	1
kehrama		1
keskondma		1
käänetlema		1
jalgrattama		1
julutama		1
selletama		6
kartama		5
abima		7
sõitma	juurde	4
praktima		6
paaremak		1
mõtlema	ära	2
aru_saada		19
kastma		7
tõlgima		6
õppitama		5
suhhtlema		1
enam		1
ragima		1
tulima	taga	1
õppima	läbi	2
elama	juures	1
ebameeldima		1
elama	koos	3
pabistama		2
istuma	ringi	1
öelma		2
nõustama		14
rääkima	koos	1
kusima		8
saada..		2
kirjutama	vasta	1
saima		10
käsima	juures	1
tulima		16
reageerima		30
parananema		1
suheldma		1
saadma		12
kulastama		4
valmistama	ette	23
õppisima		1
rä-äkima		2
tekkitama		37
jurustama		1
sule=tud		1
korjatama		2
viip		1
teenindama		16
supplema		1
lähema		5
korristama		2
töötama	koos	13
tõõtama		13
tõötama		1
kijrutama		1
tähk		1
õppetama		25
lendama	ära	9
tööma		8
kuts	kaasa	1
parendama		19
väsinema		3
pakutama		32
mooma		1
laos		1
veenima		1
tõusma	üles	4
poodma		2
kleppima		2
vaatma		6
panema	tagasi	1
käima	sisse	2
maksima		3
tõustma		5
mõtelma		2
vaastama		8
toustma		1
korristama	vaja	1
kirjetama		1
tuntuma		18
jatkama		6
veeduma		1
läbi_saad		1
tega		2
pakuema		1
reetma		16
trimmerima		1
tööetama		2
saama	kohale	4
kaim		1
vastama	tagasi	2
mägnima		1
mõõtlema		2
ärkama	ära	1
tõstma	ülese	1
juuoma		1
*töötama		1
trennima		18
kattama	ära	1
tötama		2
pertma		1
tervetama		1
andma	kohal	2
olema	moodi	1
tõustma	üles	1
reklaamerima		1
ümbrustama		1
otsma		1
lapsema		1
päev		2
kurv		1
tutma		1
haisema		3
seisama		4
valutama	pärast	1
tulema	koos	4
leidma	ära	1
arkama		1
ootama	äärde	1
varastama	ära	1
sööma	ette	1
müima		1
vabas		1
kontakteerima		10
nimtma		4
treenitama		1
koristama	vaja	1
tegema	vaja	1
tutsuma	kaasa	1
võema		3
pusastama		1
näe.ma		2
näksima		2
olema	vaha	1
kuussama		1
ludma		1
paistma	peale	1
oppima		23
pakkutama		4
müüama		1
köökima		4
sõitma	seale	1
oootama		1
tahatmn		1
registreerima		294
käima	vaja	1
pluss		1
vanem		1
dahtma		1
töö		5
remonteerima		2
lepppima	kohal	1
kükitama		6
tahtma	koos	1
tapa		3
töötma		3
kirjutama	maha	4
reklameerima		2
väsinud		2
pluusima		1
projekteerima		1
makma		5
higisema		1
lepima	kokku	3
arvu_tee		1
töötama	vaja	1
jaama		22
töötäma		1
küsima	vastu	1
kaoma	ära	3
meedlima		3
istuma	taga	2
sunnis		1
tänuma		14
pikkendama		4
muutma	heaks	1
erindama		1
jägama		10
teenima	ära	2
annetama		2
õpema		1
võkma		1
aite		1
süündima		2
ütlevma		1
avaldama	tänu	15
kautama		2
pingatama		1
kasutama	heaks	1
teenima	välja	2
vastanduma		1
lihvima		1
äratama		2
kartma	edasi	2
tund		3
nähma		1
panema	sisse	4
demonstreerima		2
tunnema		4
turvuma		1
jääma	kõrvale	2
maaksma		3
teadma	edasi	1
süüdistama		4
koraldama		3
elistama		5
arenema	ära	1
tatmh		14
töömama		1
väskima	ära	2
tulema	vaja	12
mälema		2
võdma		3
tändama		1
mõjutama	edasi	1
poolma		3
mõos		1
tulema	ilma	1
leiama		2
väätma		1
osaline	nõus	1
kala_püüdma		1
mõtlesima		1
kõrgendama		1
täitama		2
orenteeruma		1
teatri_grupp		1
suundima		1
seotama		19
luuama		1
arenduma		1
meentuma		1
parandama	ära	1
readma		1
takkistama		2
hämmastuma		1
lugupedama		1
otsusma		1
kukkuma	välja	2
avaldus		5
saama	tahasi	1
teakdma		1
tahtsima		7
mõtlevama		1
tegema	moodi	2
filmima	ära	1
üleslaadima		1
istuma	ümber	1
säästuma		1
vajdlema		1
kooperima		1
blooger		1
tuginema		2
pidama	vaja	1
möötma		2
veendama		1
osalima		1
puhatama		1
kingitama		2
leidsima		1
võttma		16
pingutama	ilma	1
võte	kokku	7
täendama		5
unima		3
laadima	üles	1
suhtluma		3
rääkema		1
vahetama	läbi	1
täituma	vaja	1
läbi_viidud		1
toimuma	sisse	1
laenama		1
näidima		4
maksatama		1
lugu_peetud		8
jätkama	edasi	4
tähtis		2
lugu_pidan		1
kuulutuma		3
elav		1
läbema		1
lahkuma	ära	1
tegema	valmis	3
arenema	vaja	1
figureerima		1
võrtma		1
sünni=tud		1
mõllema		1
teagma		1
ütma		1
tantsuma		2
leima		5
näema	välja	3
veebima		2
alustama	poolt	2
pinguma		3
armasma		2
seotud		3
jäääma		3
pindutama		1
lõppma		1
korrama		3
liisama		11
hoppima		1
tennima		1
sponseerima		1
pingema		1
pingutama	nõus	1
edu		1
tahtma	juurde	1
käik		1
kalduma	eemale	1
parim		4
püstima		1
suutama		2
propagandeerima		3
võidlema		1
rõhustama		2
orienteeri=tud		1
sündima	alla	1
garanteerima		9
osdma		1
avatama		6
olema	valmis	3
määr_kida		1
kokkulepima		2
keep		1
lobitsema		1
tõsima		1
alus		1
lamama		1
jatkuma		3
korralda=tud		2
tasa_kaalusta=tud		1
lõppema	ära	1
keskendama		3
saatuma		5
kirjutama	ette	7
ronima	tagasi	1
mängima	koos	4
taptma		1
tegkima		1
asutama		6
sulistama		1
pääsema	tagasi	1
sunama		1
pingutane		1
täiduma		1
jatma		3
surendama		3
filmitama		1
neen		1
haaksma		1
tereenima		1
savutama		1
kandideerima		14
teeseldama		1
jääma	eemale	1
innetuma		1
võrdema		1
närveerima		9
osa_võtma		1
tulema	alt	1
maksama		12
osalema	tagasi	1
pingutama	läbi	1
näidma		1
kutsutuma		2
ebameedlima		1
adma		1
kujutlema	ette	1
mulje		1
tgsma		1
lugu_pidama		2
kõrgenama		1
nautama		1
ansma		5
vaalima		4
tahtma	mööda	1
konstrueerima		6
liiguma	edasi	1
kuts		1
tulema	päras	1
määletama		5
kukkuma	maha	8
mälatama		2
motiveerima	edasi	3
tehma		1
rüüdma		1
tekema		1
kolisema		1
poolitama		1
pingutama	üle	1
tutvima		2
solvuma		24
huvituma	vastu	1
püdma		3
jaama	rahul	1
produseerima		1
montaažerima		2
näiritama		1
püüdma	nõus	2
olema	vastu	18
majutuma		2
keeldima		1
osaline		2
tuulma	tagasi	1
päevpüüama		1
korrekteeruma		1
viidma		2
vaatama	pärast	1
meedima		6
soolvandma		1
mahtma		1
jäitma	rahule	1
printima		4
redakteerima		3
kokkuleppima		4
läbi_viitud		1
tundut		1
jäma	rahule	1
kasvama	edasi	3
öõtlema		1
põõrama		1
monteerima		11
teadma	ära	1
vormistama		7
riieldama		4
kaljuma		1
rääkim_amida		1
ütlema	vaja	2
elasma		1
uuruma		1
ette_kujutama		1
jäima		3
mahuma		8
saatima		9
kuts_elma		1
hoolema		1
vahtma		1
tahtma	ümber	1
aitama	tagasi	1
lõimuma		1
püüdma	ilma	1
püükama		1
andestama		2
meeldima	kokku	1
tootama		2
väljea		1
noustuma		1
olems		1
selkima		3
jõudma	ilma	1
saadus		1
montažeerima		2
meeldivama		1
põõdma		1
meikima		1
püütma		8
vaiknema		2
õptma		7
keellama		1
sõbratama		1
looma	läbi	1
oskkama		2
tegema...		1
poseerima		2
jäänuma	rahul	1
jaama	rahule	2
lõunama		1
programeerima		8
sobindma		1
majutama		2
peitama		1
hoidma	varjus	1
pannustama		1
unustama	peale	1
püüma		2
reisma		1
toitlustama		2
saatama		1
hinema		1
rumalda		1
pahenema		1
jaav		1
holitsema		1
ignoreidma		1
mõilema		1
tahakuma		1
tee		1
sisseastuma		35
ürima		1
puudutama	kokku	1
lihtlustama		1
kuri_tarv		1
tahtma	kõrval	1
pöördama		6
tüülitsema		1
sõprustama		5
meelima		4
muuretsema		1
meeldik		1
anama		6
pöörama	tagasi	1
pööma		2
õötlema		2
savama		3
tama		1
ütlemi		2
saadima		1
nägäma		5
nääma		1
realiseerima		7
pakkum		1
sõbrama		1
jooksma	läbi	3
montaažima		1
redigeerima		1
hoidma	ligi	1
valitma		2
võimlema		7
valema		4
ise_tehtud		1
veendunud		1
kontrollima	edasi	1
distsiplineerima		1
filmistama		6
nägima	välja	1
kosnema		1
süüdastama		1
veestlema		1
austuma		1
tahtma	edasi	10
jaaganema		1
sühtlema		1
jäätama		3
innistuma		1
susseastuma		1
tappama		3
intrigeerima		1
kohtuma	kokku	2
sümpatiseerima		2
tappema		1
küllastama	tagasi	1
võjma		1
kaostama		1
tahvtma		1
püaksma		1
selguma	välja	3
montaažeerima		1
töötama	ümber	1
seostama	edasi	1
vaatama	üles	1
võtma	kätte	1
püüjama		5
suitsetama		11
suitsegama		1
saatema		1
ööbitsema		1
alanduma		1
jätäma		1
näituma		1
viidma	läbi	1
töötlustama		5
väitlema		3
lõhnama		4
viima	rahule	1
huvima		11
olema	vaja, valmis	1
argumenteerima		5
arvame		1
leidama		1
mõeldama	läbi	1
saavama		2
õpima	edasi	12
kehtma		1
püürma		1
eluma		4
ignoreeruma		1
tas_akaalustama		2
kammima		7
puhtuma		1
vihutama		1
andma	ees	1
ette_pandud		1
jäitma	rahul	1
meeldema		2
jaatma		1
olema	pärast	1
režiseerima		1
laenema		2
näitkema		1
töötama	üle	1
öeldama		16
vallima		6
ärrituma		2
registreerima	läbi	1
meeldama		1
aru_anne		1
otsutama		1
käima	ringis	1
kostama		4
kastama		1
jäätma	rahule	1
jäima	rahule	1
loodama		6
jääma	läbi	1
tehama		2
laasema		1
käitama		1
sellgima		1
osukama		1
teema	vastu	1
kuutama		1
õmblema		5
meeldinama		1
retušeerima		1
hakkma		1
mittemeeldima		1
läbirääkima		1
selletama	ära	1
kallama		1
palutama		1
laks		5
tahma		4
tulima	välja	1
meeldima	vaja	2
meelduma		2
avalema		2
andima		1
harima	edasi	1
tekkima	katki	1
töötuma		2
käskima		4
töötlema	läbi	1
tulema	valja	1
kaasa_kisk		1
suhtma		1
interjueerima		1
arutlema	üle	1
vöttama		1
olema	nöus	1
kontroleerima		3
pahastama		1
mängima	välja	1
jatama		1
kohtu=nu		1
jääkama		1
tullema		6
tullem		1
hirrmutama		1
ütema		2
kaalduma		3
lugupidama		6
kanatama		2
viiskama		3
saama	taha	1
reguleerima		4
viibima	läbi	1
mestma		1
hukkama		2
korralema		8
koormama		3
korradama		1
Kristin		1
otsitama		6
fikseerima		2
koht		1
tervitsema		1
seisma	kõrval	1
prillima		1
kehtav		1
ett_evalmistuma		9
astutama		1
tasa_kalu		1
taiendama		2
õpima	juurde	1
msakama		1
laendama		6
ümberehitama		1
jääma	vahele	7
tanama	ette	1
ollema		1
poovima		1
paksma		1
jääma	tagasi	1
täpsema		2
pakuvama		1
tuppima		1
elluma		1
väjama		1
oppima	edasi	2
tanuma	ette	1
soltuma		1
lasema		2
telema		1
hingatama		1
sull	vaja	1
peatma		1
jooksma	maha	1
vaidlema	üle	2
sillutama		1
hangima		1
ette_valmistab		3
võttame		2
sisalduma		1
ootma		8
seltsima		1
kogenema		1
valima	peal	1
lõppe=v		1
ruttuma		1
suunima		1
planeerima	ära	1
konsentreerima		3
valima	edasi	2
sovima		2
tötma		2
tänäma		1
tähenama		1
polema		1
hilenema		1
struktureerima		1
ettevalmistama		18
võima	vaja	2
maksma	kokku	5
kuuludama		1
rahastama		1
lihvi=tud		1
astuma	edasi, sisse	1
vontitama		1
teotama		1
astuma	edasi	3
planema		1
tapsustama		3
kaotma		2
vajama	edasi	1
kauma		1
täpsestama		2
kontsentreeruma		10
Ootama		1
õli		1
arvama	vaja	2
vaatama	ümber	1
tulema	valmis	1
valitama		3
täpsetama		1
liikuma	läbi	3
õpp		1
modustama		1
õpetuma		1
kasutatama		1
pöörduma	poole	1
mõtlema	edasi	1
tahkma		4
teadma	vaja	2
näiteks		1
tunnuma		2
säästama		1
üttlema		4
laenma		1
seouma		1
arenenud		2
degradeerima		1
tõstma	ülesse	2
õppema	edasi	1
nägu		2
ümber_mõel		1
läibima		1
likuma		1
mentorima		1
ö_öed		2
probleemitsema		1
jääma	edasi	1
soritama		7
harastama		1
ütelma		4
sorteerima		5
paha		1
raisama		34
võtma	vaja, maha	1
laijama		1
lähtema		1
välima		1
mõtlema	nõus	1
maksma	eest	1
võte		1
töotama		2
mõitma		1
õpetama	edasi	1
puutud		1
soodsama		1
keeruma		2
tõstama		2
ühistama		1
soovituma		1
olema	edasi, vaja	1
aru_saad		1
õppima	välja	2
tulema	tarvis	1
tuldma		1
kaasaitama		1
tegev		1
kesnema		1
arenguma		1
digradeerima		1
suundama		1
keema		1
pahanema		5
olema	vaja, edasi	1
mõte=tud		1
astuma	sisse, edasi	1
oskuma		2
kontsentreerima		9
õpitavaidma		1
kandeerima		1
läiendama		1
distiplineerima		1
vailma		1
ippima		1
arusaama	vaja	1
sisse_astuma		1
ootas		1
proovima	vaja	1
ütellma		1
lälgima		1
pakkuma	vaja	1
tahav		1
kappuma		1
öeldu		1
tunnima		2
viskama	välja	1
lihtsama		1
oema	vaja	1
hakka		1
ise_koostnud		1
õbima		1
spetsialiseerima		1
manduma		1
jäganema		1
tegema	tõttu	1
tähindama		1
korrdama		1
idtma		1
haritud		3
jõuama		2
saksima		1
tõimuma		5
valima	ette	2
teatud		1
lühem		1
pakkuma	nõus	1
huvia=tud		1
analüseerima		2
soovikma		1
saama	moodi	2
seotma	kokku	1
õppima	nõus	1
erudeerima		1
sugema		1
plaan		2
olema	väja	4
arutlema	külge	1
laskma	üle	1
jäätkema		1
olema	poolt	1
vaidma		1
rikkastama		2
pakuv		1
sooritama	läbi	2
ülesehitama		1
viima	kohale	1
kirustama		2
ette_valmistama		3
vetma		4
rühmama		1
sõltima		1
sadev		1
õhtuma		1
üürima		1
tuubima		1
noogutama		1
kergenduma		1
tommama	välja	1
sisse_asutama		1
tegima	edasi	1
eba_õnnestama		1
tulema	rahul	1
balanseerima		4
eba_õnnestuma		95
tegema	ara	1
hindama	alla	2
eba_õnnestus		36
puttuma		1
kulgama		2
solvuma	ära	1
vaikustama	vaja	1
soolvutama		1
pühendatuma		1
kavandama		1
andma	nõus	1
nägema	valja	2
ruttama		2
võrreldama		1
lahatama		1
identifitseerima		1
maksma	välja	4
mõel=dut		1
jooksma	laiali	1
kurbustama		1
tegidma		1
arutlama		2
mahlma		1
kaebus		1
buss		1
baseerima		1
teavaima		1
kokkutama		1
tutvudama		1
ülatama		4
ettevalmistuma		1
ette_nähtud		1
lobuma		1
maletama		5
selitama		1
prüükima		2
pakkuti		1
mineme		2
soendama		1
vigastuma		2
karistama		10
trotsima		1
lahtuma		1
lükama	edasi	1
aduma		1
seisma	vastu	1
madalama		1
tuudma		1
võttma	kaasa	4
nuttama		6
kutma		1
toimund		1
puhuma		9
langetama		3
suudma		2
tähistama	ette	1
osalus_tasu		1
teevama		1
viga		1
võtima	kaasa	3
võtma	kasa	2
pidutsema	edasi	2
jättma		2
käiä	tagasi	1
veestluma		1
küsitama		8
rägema		3
organiseeima		1
alustame		1
ettenähtama		1
translerima		1
suletama		1
usuldama		2
öeldma		3
keelatama		1
lubama	sisse	1
Siis_võib		1
kukkuma	ümber	1
kägistama		1
kulatama		2
kahjuma		1
õnnestama		4
lükkama	ümber	1
viima	välja, läbi	1
rõhuma		1
arvama	edasi	1
helistama	tagasi	1
murutsema	eest	1
haigenema		1
spikerduma		1
öeldane		1
käima	tagasi	1
lõpetu		2
nõuama		2
kontrolleerima		2
spordima		1
kirjutama	koos	1
seisma	kohale	1
kätuma		1
üle_hindama		1
laitma		4
kiidma		1
tugema		2
tegema	kinni	3
jätkas		1
satma		1
postima		5
veetma	edasi	1
kiitama		1
nurjuma		1
koos_kõlasta=tud		1
naeratama	vastu	1
makstama		3
laiskma		1
võtlema		2
võraldama		1
sügelema		1
klappima		2
tasuma	tagasi	1
pidurama		1
tänama	eest	1
nentima		5
puuduma	kokku	3
söökima	edasi	1
tekkinema		1
ütlema	nõus	1
makstma		1
lõpuma		1
kuri_tarvitav		1
analiseerima		2
ebapüsima		1
eba_õnnestunud		3
mõtlema	vaja	1
tegema	alla	1
jäägama		1
saama	kinni	1
esima		2
stabiliseerima		2
jälgima	üle	1
kiirustuma		1
müüma	ära	1
lükkama	edasi	8
karjuma	peale	2
väidlema		2
paluma	tagasi	3
liama		1
loodma		3
minema	hukka	2
presenteerima		1
müüdma		1
ollema	nõus	1
seotuma		3
hoidma	kaasa	1
rikuma		1
valuma		2
sissestama		2
vaaduma		1
liigutama	edasi	1
tulema	järgi	2
kutsuma	kohale	1
legaliseerima		1
saadama		2
korralduskomiteeinformeerima		1
ooma		1
esitlema		4
otsus_tasi		1
esinema	ära	1
lahetma		1
korregeerima		1
käsitma		1
koguma	ringi	1
rääkima	läbi	2
arvastama		2
lubama	vastu	1
kolima	sisse	1
kretiseerima		1
läbi_viimata		1
jääma	ara	1
läkma		1
lubasma		1
vaieldama	edasi	1
lendama	välja	2
lepppima	kokku	3
lahandama		1
salvama		1
ülema		1
rääk		2
muudma		1
rietama		1
eba_õnnestu		1
haigestama		1
lähtima	ära	1
tutvustuma		2
kommenteerima		3
korjama	välja	1
lõpp		1
luubama		1
luugema		2
organisserima		1
arvama	ära	3
juudlema		1
looma	täis	1
õnnestus		1
plaanerima		6
äritama		1
pidu		1
rääkima	vastu	1
tuu_aks		1
saama	katki	1
pidama	edasi	1
juht		2
viiruma		1
sapp		1
üle_vaatav		1
vaeldama		1
ööeldama		3
solvaata		1
evima		2
piduma		1
aranema		1
publiseerima		1
ebõnnestus		1
uppuma		4
tooma	ära	2
meelgima		2
kaldama		1
tappma		1
nägema	ümber	1
annma		2
siilima		1
taksma		1
vanetama		1
alvaldama		1
küsima	tagasi	1
väljandama		1
ignorerima		1
lahendama	ära	8
taas_kalustama		1
mõtlema	peale	1
anema	tagasi	1
regaeerima		1
kaodma		1
vijama	läbi	1
tuema		2
kiirema		2
teatavima		1
vastutama	vastu	1
ütelema	välja	1
naerma	üle	1
tulema	edasi, välja	1
muretma		3
jooma	sisse	1
ettetama		1
mõitlema		1
korraldane		1
avalvama		2
meenustama		1
öeldam		1
jööma	kaasa	1
näerama		2
stemuleerima		1
konfiskeerima		2
tegema	kokku	3
tegema	katki	2
kulutama	kokku	1
torema		1
minema	lahku	3
minema	käsile	1
valmistuma	edasi	1
rendima		1
jätma	vahele	3
pidama	ära	1
arvatama		2
filtreerima		1
vihatsema		1
lennutama		3
treen		1
vastudama		1
jaguma	kaasa	1
jooksema	ära	1
üle_kaaluvnd		1
kompinseerima		1
päästama		1
kokkulepisema		1
jäätkama	edasi	1
lastma		3
rääkima	ümber	1
arvama	sisse	1
pärssima		1
võidma		13
rakima		2
tunndma		1
näma		1
näima	välja	1
kirjutama	taga	1
valitama	välja	3
ürituma		1
regestreerima		3
vedema		2
lisaama		1
tutvutama		3
teima		1
trevitama		1
vali		6
looma	välja	1
uurima	vali	1
registreeriema		1
osalema	koos	1
trüükima		1
tutvusma		17
hataakne		1
mõle=dud		1
olema	vajad	1
tutvustatama		2
jutusma		3
valima	valja	4
kirjutama	ära	1
tahtma	välja	2
*tutvusma		1
*esinema		1
*registreerima		1
mõelduma		1
mäng		2
naerama	üle	1
heelistama		5
mäigima		1
tahtma	ära, ara	1
teaksima		2
lõpetatama		1
organeseerima		1
tuttav		2
reegistreerima		3
registreerima	kohal	1
aid_aks		1
hakatama		1
nimitama		1
leitma	sisse	1
päästma	välja	1
peidma		1
nõima		3
sõbima		1
kestima		4
sõpruma		1
regestreeruma		1
otsema		1
tapetama		1
leadma		1
hilistama		1
lähima		1
pääsema	edasi	1
ktusuma		1
lahe		1
aulama		1
surima		1
aitäh	eest	1
tuttama		1
kutsuma	koos	1
avatma	välja	1
osalema	nõus	1
pästma		1
käituma	moodi	1
manguma		1
riigilea_bista		1
armastuma		1
näidama		1
eninema		1
regisdreeruma		1
niitunduma		1
lammutama		2
plahtama	ära	1
tehgema		1
registreruma		2
koorraldama		1
hadma		1
regustreerima		1
tiab		1
tutsuma		1
näama	välja	1
arvama	peal	1
kirjutanuma		1
üritus		1
mängiv		1
suurema		1
registreerama		1
Than		1
kirjatama	poole	1
mõeltma		1
päevm_õelnud		1
Ljuda		1
käep		1
teidma		1
kuskuma		1
rääkma		1
tere,paluma		1
odama		1
minuga,paluma		1
tansma		3
saama	kaasa	2
võima	kaasa	1
esinema	kaasa	1
info:helistama		1
esindema		1
eurot.tulema		1
istuda.palun		1
maskama		6
tiimuma		1
kutsn		1
helitama		2
tantsida,mängima		1
tanstima		1
rutuma		1
esinama		3
kaks.toimuma		1
tuulma		1
tetah		1
.tulema		1
kohnuma		1
tulete.ootama		1
esinma		1
söitma		2
tere,tahama		1
toimema		2
esenima		1
nõus,helistama		2
matahan		1
ktsuma		1
maksuma		1
ui		1
euri.otama		1
kontserdile.ootama		1
!lootma		1
esinebev		1
esinelama		1
esnema		1
kasa		1
kitjutama		1
toiuma		1
hoopima		1
võt_ta,s		1
lähen,_lähm		1
masama		1
helistama	nõus	1
eest,ootama		1
huuvitama		1
insteneerima		1
laultma		1
võitama		4
lpidama		1
´käsima	üles	1
tahtmd		1
toi_mub.ne		1
tuglma		1
ütelg		1
esinev		1
kevadekonsertile.ootama		1
l’hema		1
toimub.ma		1
tasutama		1
tulidma		1
keestama		2
uusuma		1
tulltma		1
tomiuma		1
tlema		1
osalevma		1
au_tasustama		1
pood		3
seisma	ümber	1
rääkima	tasa	1
puhhama		1
konflikteerima		1
selgetama		3
tullima		2
röögima		2
Esmas_päeviti		1
loetma		1
kirjendama		2
lejama		1
minema	sassi	3
nerveerima		1
vaadma		2
avatma		2
formuleerima		1
proovisema		1
avutama		1
olgu..		1
avatuma		3
luguma		1
luugem		1
reservima		1
avatud		2
aavama		1
äraseletama		1
degusteerima		2
väsitama	ära	1
aruma		1
olema	lahti	1
tõlkama		1
näeratama		2
proovema		1
pakema		1
sööma	koos	4
küsisima		2
lugemis_osa		1
vasima		1
ehima		1
jüüma	edasi	1
naagima		2
naema		1
üteldama		1
vaatama	kaasa	1
kohvik		1
istuv		1
kaima	ära	1
lipton		1
tulama		1
tapama		2
aitama	rahul	1
õppima	eest	1
pakkuma	kokku	1
naagima	välja	1
dekoreerima		2
loetama		4
raske		1
saiama		1
vaada		2
vaidatu		1
suhelda/rääkima		1
kirjutma		2
dikoreerima		1
pannma		2
selgema		1
röökima		1
lobima		1
sima		1
jooma	rahule	1
käi=nud		1
avama	välja	1
lahema	ära	1
saama	rahul	2
saama	käsi	1
teeninma		1
tina		1
sööma	kohal	2
ooksma		3
oostma		2
maksav		1
mateverima		1
pühkama		1
öppima		2
lepppima		2
päikepaistma		1
arrvama		1
kääs		1
ost		1
meletama		2
õooima		1
süüia		1
kooma		1
saia		2
tahan_kut=sud		1
korekteerima		1
rääkimis		1
vaatama	sisse	1
kohvi_kuda		1
kutsuma	kaasas	1
tukuma		6
haukuma		10
karjuma	ära	1
istuma	peale	1
tukk		1
tukkuma		1
munema		1
roomama		12
jooksema		17
sõjtama		1
libisema		14
keksima		10
sõjtma		1
nõid		3
keksma		1
hüppama	ära	3
ussutama		1
taha		1
varema		2
melgima		1
kaituma		2
karkama		1
lenama		1
kõndima	ära	1
ronima	välja	1
kukuma		4
hagama		1
ujuma	ära	1
mänima		1
lääma		1
ujuma	tagasi	1
tõmbama	välja	1
nuttma		1
tooma	tgasi	1
panema	maha	1
korama		1
käisma		2
aolema		1
jaultama		1
vaatima		1
kõima		1
mengima		1
lähnuma		1
anndma		1
ostsima		2
antma	tagasi	1
vrlema		1
tulinema		1
allema		1
luema		1
sünnima		1
tiputama		1
ütelsima		2
öldma		1
näe_relm		1
süööma	ära	1
süööma		3
Oleksei		1
soma		2
hägi		1
maj		1
kireldama		2
kirildama	ilma	1
kirellma		1
kereildama		1
keerama	ümber	1
panea	kokku	1
võttama	ära	1
käisima		10
läksima		1
helistasima		1
istuma	kohal	1
spikerdama		1
karjutama		2
!paluma		1
istu		1
puutuma	!ära	1
laulama	!ära	1
laisklema		1
suitsutama		2
raagus		1
lähsima		3
ei		1
röhtima		1
häälitsema		1
panema	lahti	1
jooksta		1
kiikuma		2
jooksima	ära	1
ümber_sõnastama		1
maguma		1
apelsima		1
laste_aed		1
olema	tasa	1
leib		2
magan		1
langema	ära	1
pomama		1
tee	lahti	1
arvama	kokku	6
lahke		3
pese		3
piimama		1
sõber		2
koristama	kokku	2
istuma	koos	2
kummardama		4
plaksutama		5
raputama		1
tahtma	kinni	1
sadab		1
paluma	kokku	1
Eta		1
küsima	edasi	1
budem		1
valima	ringi	3
meelma		1
teegima		3
tahtma	ringis	1
joonista_me,räägim		1
tutvusama		1
joonistansema		1
jooistama		1
minuma		1
tahakama		1
tantsima	ringi	1
alusama		1
ilus,_kiri		1
soojama		1
joonistada.ma		1
reedel.joonistuma		1
tulistama		1
sest,ma		1
Venema		1
savima		1
appima		2
kirjutaama		1
mepr_ogrammerim		1
melldima		9
käsi		2
programmema		1
jonnistama		1
joon_istame,maalim		1
tea.mina		1
onistama		1
maasikas		1
tantsutama		1
tähtma		1
kaama		1
kirtutama		1
lelidma		1
atahtma		1
harjutusi,jooksima		1
õppiema		1
tjimuma		1
koos,räägima		1
käaima		1
trenn		3
näägema		1
alustama	ringi	1
tantima		1
minema	ringi	1
registererima		1
pääsa	sisse	1
tõuma	ülesse	1
pähama		1
õudma		1
söömema		1
meeldsima		1
bussima		1
jääma	vaatamata	1
asuma	kohal	1
kurbuma		1
jõudma	kohal	1
loobitsema		1
visiteerima		1
sõitma	kohal	1
planerima		1
tulsima		1
elastama		1
saine		1
tahasima		1
sõit		1
kestma	tagasi, kokku	1
kukkus	välja	1
kindima		1
näima	ette, ära	1
elama	ringi	1
läima		1
omatma		1
nautuma		1
lauama		1
tkaduma		1
õppitma		1
saatsima		1
info		1
müüjma		1
reisima	tagasi	1
meetma		1
kirjutama	vaja	1
meeldinud...		1
lennama		4
jõutma		4
sõidma	ära	2
panema	kõrval	1
sõitsima		2
küülastama		1
näitek		1
judma		1
ronima	alla	1
nuutama		1
jõidma		1
kaisima		1
minema	alla	1
ronitama		1
ujutama		1
jäma		2
numbrima		1
sauma		1
karjama		2
teha		3
kookama		1
meeldib		1
rääkidama		1
kirjutama	tagast	1
hakasima		1
vaadama	labi	1
joudma	tagasi	1
sõitsma		1
Tervitade		1
mütlema		1
sõitdev		1
töödma		2
hilima		2
šoppima		2
lasma		1
kommima		1
ütlesima		1
mtõtlema		1
plaanisema		1
taršima		1
startima		1
tundma	tagasi	1
söija		1
seletama	ilma	1
lõpama		1
jöudma		2
seisma	kohal	2
ärgama	üles	1
alustama	tagasi	1
vaatama	ära	1
joudma		1
sellitama		1
lahenduma		2
sõitsema		3
leppema	kokku	1
sadam		1
reisime		1
jäma	rahul	1
märgitama		1
jagatma		1
võetama		1
ehistama		1
kogunima	taha	1
katkima		1
tegema	järele	1
meeldma		1
hilgema		2
tedma		1
juugama		2
reagi_rida		1
läksma		1
õppimma		1
lauma		2
lasma	sisse	1
tulema	kinni	1
praktiserima		2
footoma		1
käingma		1
kirutama		1
milltima		1
sõtsima		2
päevatama		1
vasitama	ära	1
melldis		1
orienteruma		1
tahak		1
Rugodib		1
lasema	sisse	1
ootaama		1
reima		1
kutsuma	sisse	1
sõdma		2
tegema	kaasa	5
otsustama	moodi	1
adopteerima		1
jonnestama		1
praktilisema		1
sõitma	alla	1
Kirj_uja		1
reegistreritama		1
haiskama		1
ooksendama	täis	1
hammustama	tagasi	1
jälgima	ilma	1
likkuma		1
põhkuma		1
ölema		2
näma	välja	1
murema		2
vabandus		1
koosma		2
suhtlema	koos	1
onnestuma		1
tuline		1
sia		2
eksime		1
nägemä		1
mängima	üles	1
saama	vaja	2
meelitlema		1
töövarjutama		1
seedima		1
töötav		1
eda-siõppida		1
väidma		1
lendma		1
eldama		1
tegema	koos	2
valjendama		1
kokama		3
vaieldama		4
tööötama		1
ema@bu.uma		1
ilmuv		1
muutuma	kaasa	1
moteveerima		1
ilmunema		1
soovima	edasi	1
kaaluma	üles	1
näitme		1
deskuteerima		1
õõtlema		2
andma	järele	2
näitama	poolt	1
purjetama		1
korrastama		1
muttuma		1
vähenduma		1
tutvuuma		1
aidma		1
õigustama		1
surfima		3
suunama	vastu	1
ümberkujunema		1
ümber_suuna		1
oodeama		1
muulama		1
komunitseerima		1
luba		1
tuntama		1
tekkima	vastu	2
tulema	kaas	1
vaitlema		1
provotseerima		1
nautima	alla	1
hoitma		1
progresseerima		1
saavuma		1
üldima		1
muudetuma		1
arritama		1
astuma	järele	1
kinlustama		1
antud		1
vestlema	kokku	2
räakima		2
normaliserima		1
kiri		1
võdlema		2
jääma	sees	1
aktsebteerima		1
defineerima		1
uurima	valja	1
kasvatama	üle	1
katsema		2
jäama		1
leidma	kokku	1
ühenema		1
väkendama		1
kirima		1
andma	üle	2
veetma	kokku	1
veenma	ümber	2
streerima		1
unustuma		1
piiritama		2
ööelma		1
vestelgma		1
abielluma		1
küituma		1
olema	rahule	1
võõrdlema		1
särkama		1
kontsertima		1
pidama	järele	1
tundma	vastu	2
huvita=tud		2
ühindama		1
ausama		1
küsitlema		1
arenima		1
hirmuma		2
parandatama		1
aetama		1
parandama	vaja	1
serveerima		1
heegeldama		1
kuduma		1
robima		1
stressima		3
transleerima		1
läbi_vaadata		1
paigutama	ümber	2
jaagama		1
juurutama		1
adapteerima		2
toodma		1
allama		1
üles_kasvatatud		1
kannama		1
loovuma		1
tekelema		1
saama	arust	1
tahtma	nõus	1
langema	kokku	2
mõeldma		1
õppima	peale	1
halvanema		1
arvavama		1
ekspereminteerima		1
selle=tud		1
kukkuma	alla	2
võreldama		7
tööt		1
soovikima		1
intervjueerima		3
usutama		1
otsustama	ära	2
tahatm-		1
kokitama		1
konkureeruma		1
baseeruma		1
lendama	kaasa	1
teadma	üles	1
hoema		1
viibikne		1
tähetama		1
sisama		1
laialdama		1
komenteerima		1
unustama	eest	1
reisima	edasi	1
tahaktms		3
mõjutama	peale	1
programme_rida		1
vordlema		1
aitäma		1
eituma		1
ausma		1
naitma		1
vaenlama		1
nägema	tagasi	1
pudutama	kokku	1
kollektsioneerima		1
katulema		1
üteldma		1
suhtuma	vastu	1
olev		1
lasema	läbi	1
laskma	läbi	2
ühedama		1
lihtnema		1
vaidlemata		2
kaitsema		1
blokeerima		2
sporgima		1
sobima	kohale	1
roonima		1
otsustama	edasi	1
mittenõustuma		1
jääma	edasi, kaasas	1
surfifa		1
teetma		1
arenema	koos	1
sarnane		1
reastama		1
tõstma	esile	3
elama	sisse	1
koureerima		1
valja_nägema		1
läbi_viima		1
küsima	üle	1
oli		1
solvustama		1
viivitama		1
heitma	peale	1
allutama		1
püksma		1
joonistama	juurde	1
öbidas		1
süia		1
eadma		1
jahama		1
komenreerima		1
aitama	vaja	1
interveerima		1
ilustreerima		3
klepima		1
muretsema	ära	5
illustreerima		2
puhk		1
ema		1
loomama		1
fantaseerima		2
ööp		5
helsitama		1
kirjulama		1
värvitama		1
joonsitama		1
raatsima	kokku	1
jautama		1
broonerima		1
abi		2
päevitsema		1
otsima	ülesse	1
ett_etellima		1
välja_mõtlema		1
raakima	üle	1
oobema		1
vastama	ära	1
suurma		1
jutustuma		1
lootma	vastu	1
jalutma		1
kirjtuma		1
tublema		1
rääkida/kirjutama		1
maksema		2
käiima		1
ööbuma		1
taitma		1
lenutama		1
küalstama		1
ehkima		1
öbima		3
vabanus		1
tervima		1
koostama	edasi	1
tuttvustama		1
programmerima		1
proekteerima		2
reklamema		1
reklaame_rida		1
valistama		1
Ootan		1
ostuma		1
vadatama		1
rand		1
sööt		1
ootama	eest	2
kirjutama	juurde	1
tulema	jooks	1
õpkima		1
peeldima		1
tektima		1
ütlema	tagasi	1
mötlema		1
õõbima		2
varvima		1
oskama	vaja	1
huuvitsema		1
jalutama	ümber	1
kleepima		2
kirjudama		2
toidutama		1
kostitama		1
planeeritama		1
kokkulepitama		1
shoppima		1
helista.a		1
kirjutame		1
kohuma		1
uutama		1
vesteldama		1
kutsutma		1
meiegarääkima		1
koostma	välja	1
praetama		1
tegema	vaja, juurde	1
meistrema		1
kirjutadam		1
vendima		1
kirjutlama		1
kääima		1
magama	koos	1
kümnendama		1
sõitama	juurde	1
huvi		1
tullkma		1
jalustama		1
reegistrerima		1
naitäma		1
supeldama		1
disainima		2
pihkama		1
sõppradegama		1
sööma	juurde	1
klepsutama		1
päevistama		1
jääma	vastu	1
hilinema	ära	1
kalastama		1
puhkma		1
saatma	valmis	1
sõitma	maha	1
sõitma	vaja	1
võtma	kaasa, ette	1
korigeerima		1
võtma	peale	1
joonustama		2
nägema	vaja	1
juhtama		2
mõletama		2
maalima	üle	1
helistame		1
ehitaksima		1
mänguma		1
kootma		1
söidma		1
sõima		1
kuus		1
minema	jahti	1
tahtsuma		1
sääma		1
valastama		1
valgustama	vaja	1
lahen-dama		1
käja	ringi	1
oema		1
testima		1
sele		1
lahetama		2
vesi		1
kolema		5
raeskama		1
mõtlema	ette	1
uurima	läbi	1
kuuluma	läbi	1
katkesatama		1
ette_vamistama		1
kategoriseerima		1
nägema	edasi	1
delegeerima		1
osustama		2
kuulma	läbi	2
sõidama	läbi	1
alg_aste		26
siltuma		1
kultuama		1
kasutadama		1
seletuma		1
osalema	edasi	5
nähas		1
lahedama		2
tegele		1
muretsema	vastu	1
laiskama		2
muutus		1
esitama	poolt	1
jätma	taga	1
upkuma		1
lett		1
juhima		3
muretsema	eest	1
leidma	tõttu	1
tuvastama		1
pidama	heaks	1
aktsinteerima		1
ehmatama		1
roppendama		1
raskama		3
maksma	juurde	1
tekkema		1
probleemima		3
stoppima		1
konrraldama		1
raha		1
kehtsestama		1
võtma	edasi	2
ärgitama		1
voolama	ära	1
muuretma		1
lubastema		1
putuma	kokku	1
algastma		1
rääkitama		1
väitima		1
diagnosteeruma		1
läbivi_itsin		1
möline		1
rahunema	maha	4
hingama	sisse-välja	1
tagastama	tagasi	1
nuutma		1
küsima	nõus	1
vaidpeama		1
tasuma	eest	1
leevinduma		1
leevenduma		1
õpima	läbi	1
vaenlastama		1
elustama		1
tekki=nud		1
närvitsema		2
tekidama		1
aktiviseeritama		1
jätma	tagasi	1
leinma		1
kannatama	üle	1
muredsema		1
täiestama		1
palluma		1
fookusema		1
pahama		1
muutuma	ümber	1
põhjestama		1
sõltuv		1
saabuma	tagasi	1
jõudma	läbi	1
jälgima	edasi	1
riskama		1
eksploteerima		1
aktsenseerima		1
saama	taga	1
karjustama		1
täinduma		1
mahu		1
värima		1
muuutma		1
alag_aste		1
fookuseerima		1
raikama		2
soovtama		1
nõrgendama		1
muretsema	vaja	2
läbi_mõeldud		1
tegelema	vaja	1
ülekoormustama		1
mõjutama	eest	1
ähverdama		1
läbima	edasi	1
alanema		1
sorterima		1
kurvama		1
reserveerima		1
tületsema		1
närverima		1
jätaktma		1
lõppetma		1
taasma		1
arvustama		1
makama		1
dimotiveerima		1
näljuma		1
lapetama		1
katkena		1
lühenema		1
enese_tappav		1
täiendama	läbi	1
panema	järele	1
libe		1
nutima		1
surenema		1
soitma	ära	1
kasvama	kokku	1
kosvama		1
osema		1
võtma	võlgu	1
raistma		1
tasa_kaaluma		1
normaliseerima		1
sõie		1
austa=tud		1
mottlema		1
elama	lahti	1
lahjendama		4
lahjendama	ära	1
änalüüsima		1
kuulma	ära	1
käidma		1
ekvelikreerima		1
pööranema		1
tegema	taha	1
selgitama	ära	1
mutma		1
konspekteerima		1
feilima		1
kottima		1
muutma	poole	1
olema	vaja, nõus	1
asuma	sisse	1
olema	vajat	2
põrkuma		2
välja_mõelnud		1
jätma	taha	1
puutma		1
lahendama	arä	1
mäaletama		1
tegutsema	edasi	1
soovitama	ära	1
langetama	edasi	1
painutama	üle	1
osalema	vastu	1
lükkama	tagasi	1
kaksama		1
kontrollima	ara	1
koolitama		1
vaienema		1
lõppus		1
jõudsima		1
taotlema		1
invisteerima		2
raiskma		1
halvestama		1
arvanm		1
murets		1
võttama	kokku	1
panema	edasi	2
katkestama	ära	1
kulelema		1
tegimata		1
võtma	ümber	1
rääkima	lahti	1
ravistama		2
katkestus		1
kolema	ära	1
tääkima		1
ül_ean=tud		1
klaarima		1
askama		1
üle_trenn		1
tändma	ette	1
reflekseerima		1
ilmutama		1
otsustma		1
magama	üle	2
kasitama		1
labima		1
kadu		1
loema	läbi	1
täpsuma		1
möötama	läbi	1
mõjoma		1
kontsentrerima		1
jäätkama		1
lopetuma		1
murestema		1
toimuvama		1
likvideerima		1
käivituma		1
maksma	vastu	1
libema		1
kiirestama		1
hajuma		1
instruktorima		1
kitsendama		1
inistama		1
jõudma	vaja	1
raisatama		4
mõte		1
tegeluma		1
kartma	ära	1
vigu		1
nõrgama		1
musetsema		1
vaatama	poolt	1
nakastuma		1
jäänema		1
läbi_viis		1
vidama		1
olema	nõus, tagad	1
päästuma		1
sõtuma		1
läbima	ära	1
lõpetadaa		1
erandama		1
murdma	ära	1
tegelema	ära	1
suvenema		1
lahentama		1
tekistama		1
tegema	ära, ära	1
toimuma	ümber	1
kurnama		1
laskma	ära	1
ootama	vasta	1
võtuma		1
harjutuma		1
räägma		1
jooksime,tema		1
võitnud,võitma		1
ootasime,istuma		1
tüütasi_me,ne		1
laiutama		1
jooksime,hüppasime,mängima		1
meldi		1
võitsima		8
meeeldima		2
votsima		5
jooma	ring	1
joima		1
voitma		13
testma	tagasi	1
tea_d,me		1
mängisime,jooksima		1
võitima		12
jalgpallimängima		1
seaema		1
kirgutama		1
jooksi_seme		2
vöitma		2
teigema		1
õhas		1
selles,joostama		1
mängigs_ime,jooksime,hüppam		1
sada		1
joostma		6
oselema		1
hüppasime,jooksima		1
teksima		1
kallisama		1
oselama		1
põitma		1
võti		4
puhata.tervitama		1
saaama		1
ootrama		1
võtsima		4
võitma	älle	1
jooma	ringi	10
toi_mub.m		1
nängima		1
auhima		1
ronnima		1
mäingima		1
tõugama		2
jooksime,hüppama		7
hüpasime,tõukasime,jooksima		1
saa_nud.m		1
meelims		2
voõtma		1
jooksimima		1
jooksetama		1
hüpatama		2
mängisma		3
jokseme,mängima		1
jalgpalli,mängima		1
öe		1
jooksima	peale	1
jookma		1
hüppatama		1
teatsima		1
teek		1
tegn		1
olnema		1
näi_nud,e		1
hüppasime,mängima		1
meeidma		1
hüpetama		1
mängitama		1
meeidima		1
jalutasime,jooksima		1
medima		1
tegime:jookseme,hüppame,mängima		1
jalgpalliga,mängima		1
võts		1
jooksime,mängima		4
vitima		1
võistluma		5
hüü_ppama		1
mälettama		1
hüppima		2
kollima		1
võttima		2
tegisimt		1
hüppame,jooksama		1
korjuma		1
jooksime;hüpama		1
votima		1
regestrerima		1
olumi		1
allates		1
lolitama		1
jäl_ginud,n		1
jälkma		1
magisima		1
hüppamis		1
väasima		1
sprinti,j_ooksine		1
meeldima	jooks	2
toinuma		2
sealo_sale		1
taldrikut,hüppama		1
kaugushüpet,jooksima		1
tegema	järgi	1
startma		1
püppama		1
nagema		1
ujusime,jooksima		1
hüpasma		1
tulluma		1
jookema		1
jookima		1
jooksime,hüpama		2
?kirjutama		1
kiudama		1
jooksem		1
võstlusema		1
mäangima		3
mängimma		1
lgama		1
alustasma		1
lõppetasid,istuma		1
lauljama		1
liivadel,viskama		1
visatama		1
hüppama	üle	1
vottma		2
minhema		1
jõhvima		1
võitma	läbi	1
loppema	ara	1
toimuma	tagasi	1
taema		1
kuulutama	välja	1
oluma		1
joostima		1
.tervitama		1
joostama		6
võistma		1
ringi,h_üppasime		1
joostsime,hüppama		1
saama	tagsi	1
saada.oma		1
jooksis,mängima		1
jooksime,hüppatama		1
,jooksma		1
jööksuma		1
koguneima		1
,hüpama		1
mämgi_sism		1
kõõima		1
räääkima		1
võimlema	edasi	1
mängima	vastu	1
jooksma	vaja	1
meeldim		1
saitma		1
tegelima		1
jooksisma		1
saabutama		1
jooksima	ringi	2
kulsima		1
kingema		1
jooksema	ringi	1
toime		1
satima		1
mängisime,jooksama		1
viisama		2
võtma	arä	1
võtisama		1
männgima		2
,saama		1
männma		1
tea.dma		1
kilomeeter,mängima		1
osk_a,kõik		1
kauguselt,mängima		1
jooksisime,hüpama		1
jaat		1
jöösta		1
jootma		1
pakk		1
ahindama		1
tere.kirjutama		1
nagema	välja	1
väänama	välja	1
koostis		1
ujusid,hüppama		1
kõrgust,_mäng		1
osatlama		1
chillima		1
davaj		1
jooksma,kük=kitama		1
meedel		1
võstluma		1
antu		1
palljusaama		1
näjtama		1
võdab-saama		1
vaitma		1
hüppasima		1
kaugushüpped,mängima		1
!kirjutama		1
vottima		1
võtsi_osa		1
vatsima		1
jooksime,jalutasime,hüppatama		1
väljuma	ära	1
jooksrma		1
meldin		1
juama		1
võimlesime,mängima		1
mänge,võimeltama		1
jööstma		1
jooksitama		1
jõudma	ette	1
jooksmema		1
olenosalema		1
vaadtama		1
minima		1
vadtama		1
arvutama	kokku	1
vütma		1
jooksisime,mängisime,tegema		1
jooksma	edasi	1
võt=nu		1
jooksime,hüppasime,viskama		1
pall		1
jooksisima		1
tashtma		1
kurvestama		1
vistma		1
saama	äbi	1
tuma		1
ujusea		1
arva=tud	välja	1
mänigima		1
tuliema		1
võistuma		1
:jalutama		1
jooksisime,hüüpama		1
hüpasime,jooksima		1
õitma		1
kukkuma	läbi	1
joooma		1
jooksisime,hüppama		1
üteltama		1
proovintma		1
viskima		1
sine		1
tuli	kaasa	1
libisema	ära	1
jooma	ära	1
mängi_sism		1
vótma		1
vóitma		1
sõber,räägima		1
peale,mängima		1
meeldi,		1
meeldis,_leid		1
ossalema		1
osalejadtegima		1
läkine		1
tervidama		1
hüpp_asie=m	tagant	1
hüppame,jooksima		1
joo_ksime.ne		1
jooksim		1
hüppa_sinme		1
kaugust,hüppama		1
headagea,lootma		1
meetrit,hüppama		1
saava		1
jooksisime,hüppasime,mängima		1
vött		1
tulm		1
olane		1
joogama		1
